config,model,experiment_id,num_narrative_agents,num_subnarrative_agents,aggregation,validation,retrieval,total_api_calls,total_cost_usd,total_latency_sec,avg_latency_sec,avg_cost_usd,avg_api_calls,total_documents,f1_samples
actor_critic_deepseek_bg_t00,deepseek-chat,actor_critic_deepseek_bg_t00,1,1,union,True,False,175,0.07350000000000001,1234.630133,35.275146657142855,0.0021000000000000003,5.0,35,0.2869
run_1_config,deepseek-chat,actor_critic_deepseek_bg_t00,1,1,union,True,False,35,0.07350000000000001,1219.7570926002231,34.85020264572066,0.0021000000000000003,1.0,35,
run_2_config,deepseek-chat,actor_critic_deepseek_bg_t00,1,1,union,True,False,35,0.07350000000000001,1003.7449191999629,28.67842626285608,0.0021000000000000003,1.0,35,
run_3_config,deepseek-chat,actor_critic_deepseek_bg_t00,1,1,union,True,False,35,0.07350000000000001,1003.8297155001194,28.680849014289123,0.0021000000000000003,1.0,35,
run_4_config,deepseek-chat,actor_critic_deepseek_bg_t00,1,1,union,True,False,35,0.07350000000000001,896.894006699789,25.6255430485654,0.0021000000000000003,1.0,35,
run_5_config,deepseek-chat,actor_critic_deepseek_bg_t00,1,1,union,True,False,35,0.07350000000000001,1064.8653055997563,30.424723017135893,0.0021000000000000003,1.0,35,
actor_critic_deepseek_bg_t07,deepseek-chat,actor_critic_deepseek_bg_t07,1,1,union,True,False,175,0.07350000000000001,231.567984,6.616228114285715,0.0021000000000000003,5.0,35,0.3092
run_1_config,deepseek-chat,actor_critic_deepseek_bg_t07,1,1,union,True,False,35,0.07350000000000001,225.3381731000264,6.438233517143612,0.0021000000000000003,1.0,35,
run_2_config,deepseek-chat,actor_critic_deepseek_bg_t07,1,1,union,True,False,35,0.07350000000000001,260.95662519987684,7.455903577139337,0.0021000000000000003,1.0,35,
run_3_config,deepseek-chat,actor_critic_deepseek_bg_t07,1,1,union,True,False,35,0.07350000000000001,220.29593729996122,6.294169637141749,0.0021000000000000003,1.0,35,
run_4_config,deepseek-chat,actor_critic_deepseek_bg_t07,1,1,union,True,False,35,0.07350000000000001,287.6642495000269,8.218978557143625,0.0021000000000000003,1.0,35,
run_5_config,deepseek-chat,actor_critic_deepseek_bg_t07,1,1,union,True,False,35,0.07350000000000001,239.31730720005015,6.837637348572862,0.0021000000000000003,1.0,35,
actor_critic_deepseek_en_t00,deepseek-chat,actor_critic_deepseek_en_t00,1,1,union,True,False,205,0.0861,5.455377,0.1330579756097561,0.0021,5.0,41,0.204
run_1_config,deepseek-chat,actor_critic_deepseek_en_t00,1,1,union,True,False,41,0.08610000000000004,266.169871200109,6.49194807805144,0.0021000000000000007,1.0,41,
run_2_config,deepseek-chat,actor_critic_deepseek_en_t00,1,1,union,True,False,41,0.08610000000000004,250.22529849992148,6.103056060973695,0.0021000000000000007,1.0,41,
run_3_config,deepseek-chat,actor_critic_deepseek_en_t00,1,1,union,True,False,41,0.08610000000000004,293.5046012999956,7.158648812195015,0.0021000000000000007,1.0,41,
run_4_config,deepseek-chat,actor_critic_deepseek_en_t00,1,1,union,True,False,41,0.08610000000000004,254.58378010010327,6.2093604902464214,0.0021000000000000007,1.0,41,
run_5_config,deepseek-chat,actor_critic_deepseek_en_t00,1,1,union,True,False,41,0.08610000000000004,297.7608787000643,7.26246045609913,0.0021000000000000007,1.0,41,
actor_critic_deepseek_en_t00_evidence,deepseek-chat,actor_critic_deepseek_en_t00_evidence,1,1,union,True,False,205,0.0861,1617.617818,39.45409312195122,0.0021,5.0,41,0.2119
run_1_config,deepseek-chat,actor_critic_deepseek_en_t00_evidence,1,1,union,True,False,41,0.08610000000000004,1606.2316883997994,39.17638264389755,0.0021000000000000007,1.0,41,
actor_critic_deepseek_en_t07,deepseek-chat,actor_critic_deepseek_en_t07,1,1,union,True,False,205,0.0861,297.00228,7.243958048780487,0.0021,5.0,41,0.1803
run_1_config,deepseek-chat,actor_critic_deepseek_en_t07,1,1,union,True,False,41,0.08610000000000004,291.102459399961,7.100059985364902,0.0021000000000000007,1.0,41,
run_2_config,deepseek-chat,actor_critic_deepseek_en_t07,1,1,union,True,False,41,0.08610000000000004,280.84272560011584,6.849822575612581,0.0021000000000000007,1.0,41,
run_3_config,deepseek-chat,actor_critic_deepseek_en_t07,1,1,union,True,False,41,0.08610000000000004,270.56109030009264,6.599050982929088,0.0021000000000000007,1.0,41,
run_4_config,deepseek-chat,actor_critic_deepseek_en_t07,1,1,union,True,False,41,0.08610000000000004,266.4659178999718,6.4991687292676055,0.0021000000000000007,1.0,41,
run_5_config,deepseek-chat,actor_critic_deepseek_en_t07,1,1,union,True,False,41,0.08610000000000004,277.5514711998406,6.769548078044893,0.0021000000000000007,1.0,41,
actor_critic_deepseek_hi_t00,deepseek-chat,actor_critic_deepseek_hi_t00,1,1,union,True,False,175,0.07350000000000001,460.325547,13.152158485714285,0.0021000000000000003,5.0,35,0.2251
run_1_config,deepseek-chat,actor_critic_deepseek_hi_t00,1,1,union,True,False,35,0.07350000000000001,454.0637740998063,12.973250688565894,0.0021000000000000003,1.0,35,
run_2_config,deepseek-chat,actor_critic_deepseek_hi_t00,1,1,union,True,False,35,0.07350000000000001,485.60356410010735,13.874387545717353,0.0021000000000000003,1.0,35,
run_3_config,deepseek-chat,actor_critic_deepseek_hi_t00,1,1,union,True,False,35,0.07350000000000001,524.2340009999461,14.978114314284175,0.0021000000000000003,1.0,35,
run_4_config,deepseek-chat,actor_critic_deepseek_hi_t00,1,1,union,True,False,35,0.07350000000000001,579.3316473998132,16.552332782851806,0.0021000000000000003,1.0,35,
run_5_config,deepseek-chat,actor_critic_deepseek_hi_t00,1,1,union,True,False,35,0.07350000000000001,510.2357584000569,14.578164525715913,0.0021000000000000003,1.0,35,
actor_critic_deepseek_pt_t00,deepseek-chat,actor_critic_deepseek_pt_t00,1,1,union,True,False,175,0.07350000000000001,220.635201,6.3038628857142855,0.0021000000000000003,5.0,35,0.2158
run_1_config,deepseek-chat,actor_critic_deepseek_pt_t00,1,1,union,True,False,35,0.07350000000000001,214.31925390008828,6.123407254288237,0.0021000000000000003,1.0,35,
run_2_config,deepseek-chat,actor_critic_deepseek_pt_t00,1,1,union,True,False,35,0.07350000000000001,176.67774459999055,5.04793555999973,0.0021000000000000003,1.0,35,
run_3_config,deepseek-chat,actor_critic_deepseek_pt_t00,1,1,union,True,False,35,0.07350000000000001,177.7321198000572,5.07806056571592,0.0021000000000000003,1.0,35,
run_4_config,deepseek-chat,actor_critic_deepseek_pt_t00,1,1,union,True,False,35,0.07350000000000001,203.9391026999802,5.82683150571372,0.0021000000000000003,1.0,35,
run_5_config,deepseek-chat,actor_critic_deepseek_pt_t00,1,1,union,True,False,35,0.07350000000000001,224.2927522999236,6.408364351426388,0.0021000000000000003,1.0,35,
actor_critic_deepseek_ru_t00,deepseek-chat,actor_critic_deepseek_ru_t00,1,1,union,True,False,160,0.06720000000000001,266.650244,8.332820125,0.0021000000000000003,5.0,32,0.3211
run_1_config,deepseek-chat,actor_critic_deepseek_ru_t00,1,1,union,True,False,32,0.0672,259.7771938999649,8.118037309373904,0.0021,1.0,32,
run_2_config,deepseek-chat,actor_critic_deepseek_ru_t00,1,1,union,True,False,32,0.0672,292.6483742999844,9.145261696874513,0.0021,1.0,32,
run_3_config,deepseek-chat,actor_critic_deepseek_ru_t00,1,1,union,True,False,32,0.0672,272.6340646999888,8.51981452187465,0.0021,1.0,32,
run_4_config,deepseek-chat,actor_critic_deepseek_ru_t00,1,1,union,True,False,32,0.0672,259.18838860001415,8.099637143750442,0.0021,1.0,32,
run_5_config,deepseek-chat,actor_critic_deepseek_ru_t00,1,1,union,True,False,32,0.0672,324.141289900057,10.129415309376782,0.0021,1.0,32,
actor_critic_deepseek_ru_t07,deepseek-chat,actor_critic_deepseek_ru_t07,1,1,union,True,False,160,0.06720000000000001,281.214562,8.7879550625,0.0021000000000000003,5.0,32,0.3284
run_1_config,deepseek-chat,actor_critic_deepseek_ru_t07,1,1,union,True,False,32,0.0672,271.7626696000807,8.492583425002522,0.0021,1.0,32,
run_2_config,deepseek-chat,actor_critic_deepseek_ru_t07,1,1,union,True,False,32,0.0672,239.57295139995404,7.486654731248564,0.0021,1.0,32,
run_3_config,deepseek-chat,actor_critic_deepseek_ru_t07,1,1,union,True,False,32,0.0672,245.90481790015474,7.684525559379836,0.0021,1.0,32,
run_4_config,deepseek-chat,actor_critic_deepseek_ru_t07,1,1,union,True,False,32,0.0672,290.58468479989097,9.080771399996593,0.0021,1.0,32,
run_5_config,deepseek-chat,actor_critic_deepseek_ru_t07,1,1,union,True,False,32,0.0672,258.2271444001235,8.06959826250386,0.0021,1.0,32,
actor_critic_gemini_en_t00,gemini-2.5-flash,actor_critic_gemini_en_t00,1,1,union,True,False,205,0.06149999999999999,396.94976,9.681701463414635,0.0014999999999999998,5.0,41,0.2329
run_1_config,gemini-2.5-flash,actor_critic_gemini_en_t00,1,1,union,True,False,41,0.061500000000000034,396.31349099986267,9.666182707313723,0.001500000000000001,1.0,41,
run_2_config,gemini-2.5-flash,actor_critic_gemini_en_t00,1,1,union,True,False,41,0.061500000000000034,505.1717126998115,12.321261285361256,0.001500000000000001,1.0,41,
run_3_config,gemini-2.5-flash,actor_critic_gemini_en_t00,1,1,union,True,False,41,0.061500000000000034,388.7647493998517,9.482067058532968,0.001500000000000001,1.0,41,
run_4_config,gemini-2.5-flash,actor_critic_gemini_en_t00,1,1,union,True,False,41,0.061500000000000034,375.64258619979927,9.162014297556079,0.001500000000000001,1.0,41,
run_5_config,gemini-2.5-flash,actor_critic_gemini_en_t00,1,1,union,True,False,41,0.061500000000000034,421.3764664998747,10.277474792679872,0.001500000000000001,1.0,41,
actor_critic_gemini_en_t00_v2,gemini-2.5-flash,actor_critic_gemini_en_t00,1,1,union,True,False,205,0.06149999999999999,963.394912,23.49743687804878,0.0014999999999999998,5.0,41,0.2825
run_1_config,gemini-2.5-flash,actor_critic_gemini_en_t00,1,1,union,True,False,41,0.061500000000000034,958.0881493000784,23.368003641465325,0.001500000000000001,1.0,41,
run_2_config,gemini-2.5-flash,actor_critic_gemini_en_t00,1,1,union,True,False,41,0.061500000000000034,835.1268919999718,20.368948585365168,0.001500000000000001,1.0,41,
run_3_config,gemini-2.5-flash,actor_critic_gemini_en_t00,1,1,union,True,False,41,0.061500000000000034,848.4618379999888,20.694191170731436,0.001500000000000001,1.0,41,
run_4_config,gemini-2.5-flash,actor_critic_gemini_en_t00,1,1,union,True,False,41,0.061500000000000034,783.4545687001668,19.108648017077236,0.001500000000000001,1.0,41,
run_5_config,gemini-2.5-flash,actor_critic_gemini_en_t00,1,1,union,True,False,41,0.061500000000000034,693.7074450999498,16.919693782925606,0.001500000000000001,1.0,41,
actor_critic_gemini_en_t07,gemini-2.5-flash,actor_critic_gemini_en_t07,1,1,union,True,False,195,0.058499999999999996,423.552099,10.86031023076923,0.0014999999999999998,5.0,39,0.2059
run_1_config,gemini-2.5-flash,actor_critic_gemini_en_t07,1,1,union,True,False,41,0.061500000000000034,422.8146573000122,10.312552617073468,0.001500000000000001,1.0,41,
run_2_config,gemini-2.5-flash,actor_critic_gemini_en_t07,1,1,union,True,False,41,0.061500000000000034,541.3531450999437,13.203735246340091,0.001500000000000001,1.0,41,
run_3_config,gemini-2.5-flash,actor_critic_gemini_en_t07,1,1,union,True,False,41,0.061500000000000034,1125.35885379999,27.44777692195097,0.001500000000000001,1.0,41,
run_4_config,gemini-2.5-flash,actor_critic_gemini_en_t07,1,1,union,True,False,41,0.061500000000000034,1054.6087307999846,25.722164165853282,0.001500000000000001,1.0,41,
run_5_config,gemini-2.5-flash,actor_critic_gemini_en_t07,1,1,union,True,False,41,0.061500000000000034,187.4824567001778,4.5727428463458,0.001500000000000001,1.0,41,
actor_critic_gemini_en_t07_v2,gemini-2.5-flash,actor_critic_gemini_en_t07,1,1,union,True,False,205,0.06149999999999999,1329.287472,32.42164565853659,0.0014999999999999998,5.0,41,0.2658
run_1_config,gemini-2.5-flash,actor_critic_gemini_en_t07,1,1,union,True,False,41,0.061500000000000034,1324.5379166998912,32.305802846338814,0.001500000000000001,1.0,41,
run_2_config,gemini-2.5-flash,actor_critic_gemini_en_t07,1,1,union,True,False,41,0.061500000000000034,981.0587727001406,23.928262748783915,0.001500000000000001,1.0,41,
run_3_config,gemini-2.5-flash,actor_critic_gemini_en_t07,1,1,union,True,False,41,0.061500000000000034,1024.7826186001776,24.994698014638473,0.001500000000000001,1.0,41,
run_4_config,gemini-2.5-flash,actor_critic_gemini_en_t07,1,1,union,True,False,41,0.061500000000000034,895.6336207999857,21.84472245853624,0.001500000000000001,1.0,41,
run_5_config,gemini-2.5-flash,actor_critic_gemini_en_t07,1,1,union,True,False,41,0.061500000000000034,1282.0626278999268,31.26982019268114,0.001500000000000001,1.0,41,
actor_critic_gpt5nano_en_t00,gpt-5-nano,actor_critic_gpt5nano_en_t00,1,1,union,True,False,125,0.05,6404.357815,256.1743126,0.002,5.0,25,0.1047
run_1_config,gpt-5-nano,actor_critic_gpt5nano_en_t00,1,1,union,True,False,41,0.08200000000000006,6402.648746000141,156.1621645365888,0.0020000000000000013,1.0,41,
run_2_config,gpt-5-nano,actor_critic_gpt5nano_en_t00,1,1,union,True,False,41,0.08200000000000006,7842.031554499641,191.2690623048693,0.0020000000000000013,1.0,41,
run_3_config,gpt-5-nano,actor_critic_gpt5nano_en_t00,1,1,union,True,False,41,0.08200000000000006,6678.028827500068,162.87875189024555,0.0020000000000000013,1.0,41,
run_4_config,gpt-5-nano,actor_critic_gpt5nano_en_t00,1,1,union,True,False,41,0.08200000000000006,8021.141416000205,195.6375955122001,0.0020000000000000013,1.0,41,
run_5_config,gpt-5-nano,actor_critic_gpt5nano_en_t00,1,1,union,True,False,41,0.08200000000000006,6050.338936399672,147.56924235121153,0.0020000000000000013,1.0,41,
actor_critic_gpt5nano_en_t07,gpt-5-nano,actor_critic_gpt5nano_en_t07,1,1,union,True,False,205,0.082,5969.724396,145.60303404878047,0.002,5.0,41,0.2415
run_1_config,gpt-5-nano,actor_critic_gpt5nano_en_t07,1,1,union,True,False,41,0.08200000000000006,5967.7432093001,145.55471242195364,0.0020000000000000013,1.0,41,
run_2_config,gpt-5-nano,actor_critic_gpt5nano_en_t07,1,1,union,True,False,41,0.08200000000000006,7413.455862499777,180.81599664633603,0.0020000000000000013,1.0,41,
run_3_config,gpt-5-nano,actor_critic_gpt5nano_en_t07,1,1,union,True,False,41,0.08200000000000006,6552.317716499791,159.8126272317022,0.0020000000000000013,1.0,41,
run_4_config,gpt-5-nano,actor_critic_gpt5nano_en_t07,1,1,union,True,False,41,0.08200000000000006,7246.997267299803,176.75603090975127,0.0020000000000000013,1.0,41,
run_5_config,gpt-5-nano,actor_critic_gpt5nano_en_t07,1,1,union,True,False,41,0.08200000000000006,7122.701697099952,173.7244316365842,0.0020000000000000013,1.0,41,
actor_critic_mistral_bg_t00,mistral-large-latest,actor_critic_mistral_bg_t00,1,1,union,True,False,175,1.2249999999999999,2494.071199,71.25917711428572,0.034999999999999996,5.0,35,0.2323
run_1_config,mistral-large-latest,actor_critic_mistral_bg_t00,1,1,union,True,False,35,1.225,2493.6204029996875,71.2462972285625,0.035,1.0,35,
run_2_config,mistral-large-latest,actor_critic_mistral_bg_t00,1,1,union,True,False,35,1.225,2348.7993487999775,67.1085528228565,0.035,1.0,35,
run_3_config,mistral-large-latest,actor_critic_mistral_bg_t00,1,1,union,True,False,35,1.225,2458.618599999696,70.24624571427702,0.035,1.0,35,
run_4_config,mistral-large-latest,actor_critic_mistral_bg_t00,1,1,union,True,False,35,1.225,2482.9092383002867,70.94026395143676,0.035,1.0,35,
run_5_config,mistral-large-latest,actor_critic_mistral_bg_t00,1,1,union,True,False,35,1.225,2632.5069877998903,75.21448536571116,0.035,1.0,35,
actor_critic_mistral_en_t00,mistral-large-latest,actor_critic_mistral_en_t00,1,1,union,True,False,200,1.4000000000000001,460.773272,11.5193318,0.035,5.0,40,0.1461
run_1_config,mistral-large-latest,actor_critic_mistral_en_t00,1,1,union,True,False,41,1.4349999999999996,460.3401820999574,11.227809319511156,0.03499999999999999,1.0,41,
run_2_config,mistral-large-latest,actor_critic_mistral_en_t00,1,1,union,True,False,41,1.4349999999999996,462.6476822001857,11.284089809760628,0.03499999999999999,1.0,41,
run_3_config,mistral-large-latest,actor_critic_mistral_en_t00,1,1,union,True,False,41,1.4349999999999996,474.3739696000699,11.570096819513902,0.03499999999999999,1.0,41,
run_4_config,mistral-large-latest,actor_critic_mistral_en_t00,1,1,union,True,False,41,1.4349999999999996,466.3552765999919,11.374518941463217,0.03499999999999999,1.0,41,
run_5_config,mistral-large-latest,actor_critic_mistral_en_t00,1,1,union,True,False,41,1.4349999999999996,472.4565610000862,11.523330756099664,0.03499999999999999,1.0,41,
actor_critic_mistral_en_t00,mistral-large-latest,default,1,1,union,True,False,41,1.4349999999999996,2610.1556043000905,63.66233181219733,0.03499999999999999,1.0,41,
actor_critic_mistral_en_t00_evidence,mistral-large-latest,actor_critic_mistral_en_t00_evidence,1,1,union,True,False,200,1.4000000000000001,2631.416445,65.785411125,0.035,5.0,40,0.1496
run_1_config,mistral-large-latest,actor_critic_mistral_en_t00_evidence,1,1,union,True,False,41,1.4349999999999996,2630.8947093999004,64.1681636439,0.03499999999999999,1.0,41,
actor_critic_mistral_en_t07,mistral-large-latest,actor_critic_mistral_en_t07,1,1,union,True,False,205,1.435,503.110229,12.270981195121951,0.035,5.0,41,0.1454
run_1_config,mistral-large-latest,actor_critic_mistral_en_t07,1,1,union,True,False,41,1.4349999999999996,502.66447820002185,12.260109224390776,0.03499999999999999,1.0,41,
run_2_config,mistral-large-latest,actor_critic_mistral_en_t07,1,1,union,True,False,41,1.4349999999999996,472.5639694000124,11.525950473171035,0.03499999999999999,1.0,41,
run_3_config,mistral-large-latest,actor_critic_mistral_en_t07,1,1,union,True,False,41,1.4349999999999996,461.6765753999355,11.260404278047206,0.03499999999999999,1.0,41,
run_4_config,mistral-large-latest,actor_critic_mistral_en_t07,1,1,union,True,False,41,1.4349999999999996,483.5451605999846,11.793784404877673,0.03499999999999999,1.0,41,
run_5_config,mistral-large-latest,actor_critic_mistral_en_t07,1,1,union,True,False,41,1.4349999999999996,493.1099588000211,12.027072165854173,0.03499999999999999,1.0,41,
actor_critic_mistral_hi_t00,mistral-large-latest,actor_critic_mistral_hi_t00,1,1,union,True,False,175,1.2249999999999999,2881.241316,82.32118045714286,0.034999999999999996,5.0,35,0.1558
run_1_config,mistral-large-latest,actor_critic_mistral_hi_t00,1,1,union,True,False,35,1.225,2880.804128599818,82.30868938856622,0.035,1.0,35,
run_2_config,mistral-large-latest,actor_critic_mistral_hi_t00,1,1,union,True,False,35,1.225,2941.191049200016,84.03402997714332,0.035,1.0,35,
run_3_config,mistral-large-latest,actor_critic_mistral_hi_t00,1,1,union,True,False,35,1.225,2893.2711957995793,82.6648913085594,0.035,1.0,35,
run_4_config,mistral-large-latest,actor_critic_mistral_hi_t00,1,1,union,True,False,35,1.225,2963.171769300011,84.66205055142888,0.035,1.0,35,
run_5_config,mistral-large-latest,actor_critic_mistral_hi_t00,1,1,union,True,False,35,1.225,2917.5866630002856,83.3596189428653,0.035,1.0,35,
actor_critic_mistral_pt_t00,mistral-large-latest,actor_critic_mistral_pt_t00,1,1,union,True,False,175,1.2249999999999999,1289.049967,36.82999905714286,0.034999999999999996,5.0,35,0.1923
run_1_config,mistral-large-latest,actor_critic_mistral_pt_t00,1,1,union,True,False,35,1.225,1288.190744800027,36.805449851429344,0.035,1.0,35,
run_2_config,mistral-large-latest,actor_critic_mistral_pt_t00,1,1,union,True,False,35,1.225,1352.099532200024,38.63141520571497,0.035,1.0,35,
run_3_config,mistral-large-latest,actor_critic_mistral_pt_t00,1,1,union,True,False,35,1.225,2186.1397155998266,62.46113473142361,0.035,1.0,35,
run_4_config,mistral-large-latest,actor_critic_mistral_pt_t00,1,1,union,True,False,35,1.225,1397.2750115003437,39.9221431857241,0.035,1.0,35,
run_5_config,mistral-large-latest,actor_critic_mistral_pt_t00,1,1,union,True,False,35,1.225,1425.575953300111,40.73074152286031,0.035,1.0,35,
actor_critic_mistral_ru_t00,mistral-large-latest,actor_critic_mistral_ru_t00,1,1,union,True,False,160,1.12,2019.011327,63.09410396875,0.035,5.0,32,0.213
run_1_config,mistral-large-latest,actor_critic_mistral_ru_t00,1,1,union,True,False,32,1.1200000000000003,2018.1641089003533,63.06762840313604,0.03500000000000001,1.0,32,
run_2_config,mistral-large-latest,actor_critic_mistral_ru_t00,1,1,union,True,False,32,1.1200000000000003,2028.7353880000283,63.39798087500088,0.03500000000000001,1.0,32,
run_3_config,mistral-large-latest,actor_critic_mistral_ru_t00,1,1,union,True,False,32,1.1200000000000003,2074.8266470003873,64.8383327187621,0.03500000000000001,1.0,32,
run_4_config,mistral-large-latest,actor_critic_mistral_ru_t00,1,1,union,True,False,32,1.1200000000000003,2213.9555792002957,69.18611185000924,0.03500000000000001,1.0,32,
run_5_config,mistral-large-latest,actor_critic_mistral_ru_t00,1,1,union,True,False,32,1.1200000000000003,2243.221384699924,70.10066827187262,0.03500000000000001,1.0,32,
actor_critic_together_llama33_70b_en_t00,meta-llama/Llama-3.3-70B-Instruct-Turbo,actor_critic_together_llama33_70b_en_t00,1,1,union,True,False,205,0.082,1118.481435,27.280034999999994,0.002,5.0,41,0.1729
run_1_config,meta-llama/Llama-3.3-70B-Instruct-Turbo,actor_critic_together_llama33_70b_en_t00,1,1,union,True,False,41,0.0,1108.2870407002044,27.031391236590352,0.0,1.0,41,
run_2_config,meta-llama/Llama-3.3-70B-Instruct-Turbo,actor_critic_together_llama33_70b_en_t00,1,1,union,True,False,41,0.0,1158.899314800277,28.265836946348216,0.0,1.0,41,
run_3_config,meta-llama/Llama-3.3-70B-Instruct-Turbo,actor_critic_together_llama33_70b_en_t00,1,1,union,True,False,41,0.0,760.4037558999848,18.54643307073134,0.0,1.0,41,
run_4_config,meta-llama/Llama-3.3-70B-Instruct-Turbo,actor_critic_together_llama33_70b_en_t00,1,1,union,True,False,41,0.0,834.1906464998615,20.346113329264913,0.0,1.0,41,
run_5_config,meta-llama/Llama-3.3-70B-Instruct-Turbo,actor_critic_together_llama33_70b_en_t00,1,1,union,True,False,41,0.0,1157.3071782002237,28.22700434634692,0.0,1.0,41,
actor_critic_together_llama33_70b_en_t07,meta-llama/Llama-3.3-70B-Instruct-Turbo,actor_critic_together_llama33_70b_en_t07,1,1,union,True,False,205,0.082,1005.538403,24.525326902439026,0.002,5.0,41,0.1719
run_1_config,meta-llama/Llama-3.3-70B-Instruct-Turbo,actor_critic_together_llama33_70b_en_t07,1,1,union,True,False,41,0.0,995.5898911999545,24.28268027316962,0.0,1.0,41,
run_2_config,meta-llama/Llama-3.3-70B-Instruct-Turbo,actor_critic_together_llama33_70b_en_t07,1,1,union,True,False,41,0.0,713.4489190997556,17.401193148774528,0.0,1.0,41,
run_3_config,meta-llama/Llama-3.3-70B-Instruct-Turbo,actor_critic_together_llama33_70b_en_t07,1,1,union,True,False,41,0.0,1034.9724702001554,25.243230980491592,0.0,1.0,41,
run_4_config,meta-llama/Llama-3.3-70B-Instruct-Turbo,actor_critic_together_llama33_70b_en_t07,1,1,union,True,False,41,0.0,649.6997494995593,15.846335353647788,0.0,1.0,41,
run_5_config,meta-llama/Llama-3.3-70B-Instruct-Turbo,actor_critic_together_llama33_70b_en_t07,1,1,union,True,False,41,0.0,1161.6160991000938,28.33209997805107,0.0,1.0,41,
agora_deepseek_bg_t00,deepseek-chat,agora_deepseek_bg_t00,3,1,intersection,False,False,175,0.07350000000000001,57.149399,1.6328399714285715,0.0021000000000000003,5.0,35,0.37
run_1_config,deepseek-chat,agora_deepseek_bg_t00,3,1,intersection,False,False,35,0.07350000000000001,51.15467009996061,1.4615620028560175,0.0021000000000000003,1.0,35,
run_2_config,deepseek-chat,agora_deepseek_bg_t00,3,1,intersection,False,False,35,0.07350000000000001,49.02001760015264,1.4005719314329326,0.0021000000000000003,1.0,35,
run_3_config,deepseek-chat,agora_deepseek_bg_t00,3,1,intersection,False,False,35,0.07350000000000001,49.503448999952525,1.4143842571415006,0.0021000000000000003,1.0,35,
run_4_config,deepseek-chat,agora_deepseek_bg_t00,3,1,intersection,False,False,35,0.07350000000000001,54.09245879994707,1.5454988228556306,0.0021000000000000003,1.0,35,
run_5_config,deepseek-chat,agora_deepseek_bg_t00,3,1,intersection,False,False,35,0.07350000000000001,48.819180799881,1.3948337371394572,0.0021000000000000003,1.0,35,
agora_deepseek_bg_t07,deepseek-chat,agora_deepseek_bg_t07,3,1,intersection,False,False,175,0.07350000000000001,56.51455800000001,1.6147016571428574,0.0021000000000000003,5.0,35,0.3575
run_1_config,deepseek-chat,agora_deepseek_bg_t07,3,1,intersection,False,False,35,0.07350000000000001,50.29815819999206,1.4370902342854874,0.0021000000000000003,1.0,35,
run_2_config,deepseek-chat,agora_deepseek_bg_t07,3,1,intersection,False,False,35,0.07350000000000001,53.477792199933866,1.5279369199981103,0.0021000000000000003,1.0,35,
run_3_config,deepseek-chat,agora_deepseek_bg_t07,3,1,intersection,False,False,35,0.07350000000000001,53.229810700053335,1.520851734287238,0.0021000000000000003,1.0,35,
run_4_config,deepseek-chat,agora_deepseek_bg_t07,3,1,intersection,False,False,35,0.07350000000000001,50.88802379998381,1.4539435371423948,0.0021000000000000003,1.0,35,
run_5_config,deepseek-chat,agora_deepseek_bg_t07,3,1,intersection,False,False,35,0.07350000000000001,53.300165400141886,1.5228618685754824,0.0021000000000000003,1.0,35,
agora_deepseek_en_t00,deepseek-chat,agora_deepseek_en_t00,3,1,intersection,False,False,195,0.08190000000000001,58.144928,1.4908955897435896,0.0021000000000000003,5.0,39,0.176
run_1_config,deepseek-chat,agora_deepseek_en_t00,3,1,intersection,False,False,41,0.08610000000000004,52.582921300083406,1.2825102756117903,0.0021000000000000007,1.0,41,
run_2_config,deepseek-chat,agora_deepseek_en_t00,3,1,intersection,False,False,41,0.08610000000000004,55.55880360002632,1.3550927707323495,0.0021000000000000007,1.0,41,
run_3_config,deepseek-chat,agora_deepseek_en_t00,3,1,intersection,False,False,41,0.08610000000000004,52.23946930002419,1.2741333975615654,0.0021000000000000007,1.0,41,
run_4_config,deepseek-chat,agora_deepseek_en_t00,3,1,intersection,False,False,41,0.08610000000000004,54.63588359998539,1.332582526828912,0.0021000000000000007,1.0,41,
run_5_config,deepseek-chat,agora_deepseek_en_t00,3,1,intersection,False,False,41,0.08610000000000004,61.05169490003025,1.4890657292690306,0.0021000000000000007,1.0,41,
agora_deepseek_en_t07,deepseek-chat,agora_deepseek_en_t07,3,1,intersection,False,False,205,0.0861,60.436703,1.4740659268292684,0.0021,5.0,41,0.1836
run_1_config,deepseek-chat,agora_deepseek_en_t07,3,1,intersection,False,False,41,0.08610000000000004,54.653765400173164,1.3330186682969065,0.0021000000000000007,1.0,41,
run_2_config,deepseek-chat,agora_deepseek_en_t07,3,1,intersection,False,False,41,0.08610000000000004,64.79906550003214,1.5804650121959058,0.0021000000000000007,1.0,41,
run_3_config,deepseek-chat,agora_deepseek_en_t07,3,1,intersection,False,False,41,0.08610000000000004,56.32962740003135,1.373893351220277,0.0021000000000000007,1.0,41,
run_4_config,deepseek-chat,agora_deepseek_en_t07,3,1,intersection,False,False,41,0.08610000000000004,56.68541639996687,1.382571131706509,0.0021000000000000007,1.0,41,
run_5_config,deepseek-chat,agora_deepseek_en_t07,3,1,intersection,False,False,41,0.08610000000000004,64.27113120001748,1.5675885658540847,0.0021000000000000007,1.0,41,
agora_deepseek_hi_t00,deepseek-chat,agora_deepseek_hi_t00,3,1,intersection,False,False,175,0.07350000000000001,64.235321,1.8352948857142855,0.0021000000000000003,5.0,35,0.2745
run_1_config,deepseek-chat,agora_deepseek_hi_t00,3,1,intersection,False,False,35,0.07350000000000001,58.24527650000523,1.6641507571430065,0.0021000000000000003,1.0,35,
run_2_config,deepseek-chat,agora_deepseek_hi_t00,3,1,intersection,False,False,35,0.07350000000000001,51.83438339992425,1.4809823828549786,0.0021000000000000003,1.0,35,
run_3_config,deepseek-chat,agora_deepseek_hi_t00,3,1,intersection,False,False,35,0.07350000000000001,58.89883180009203,1.6828237657169152,0.0021000000000000003,1.0,35,
run_4_config,deepseek-chat,agora_deepseek_hi_t00,3,1,intersection,False,False,35,0.07350000000000001,55.34999009990135,1.58142828856861,0.0021000000000000003,1.0,35,
run_5_config,deepseek-chat,agora_deepseek_hi_t00,3,1,intersection,False,False,35,0.07350000000000001,51.54555559996515,1.4727301599990041,0.0021000000000000003,1.0,35,
agora_deepseek_pt_t00,deepseek-chat,agora_deepseek_pt_t00,3,1,intersection,False,False,175,0.07350000000000001,506.420028,14.469143657142856,0.0021000000000000003,5.0,35,0.2566
run_1_config,deepseek-chat,agora_deepseek_pt_t00,3,1,intersection,False,False,35,0.07350000000000001,500.5908486000264,14.302595674286469,0.0021000000000000003,1.0,35,
run_2_config,deepseek-chat,agora_deepseek_pt_t00,3,1,intersection,False,False,35,0.07350000000000001,549.2650279998779,15.693286514282226,0.0021000000000000003,1.0,35,
run_3_config,deepseek-chat,agora_deepseek_pt_t00,3,1,intersection,False,False,35,0.07350000000000001,490.99996030004695,14.028570294287055,0.0021000000000000003,1.0,35,
run_4_config,deepseek-chat,agora_deepseek_pt_t00,3,1,intersection,False,False,35,0.07350000000000001,559.3237318000756,15.980678051430733,0.0021000000000000003,1.0,35,
run_5_config,deepseek-chat,agora_deepseek_pt_t00,3,1,intersection,False,False,35,0.07350000000000001,471.0277697001584,13.457936277147382,0.0021000000000000003,1.0,35,
agora_deepseek_ru_t00,deepseek-chat,agora_deepseek_ru_t00,3,1,intersection,False,False,160,0.06720000000000001,67.496538,2.1092668125,0.0021000000000000003,5.0,32,0.3199
run_1_config,deepseek-chat,agora_deepseek_ru_t00,3,1,intersection,False,False,32,0.0672,61.530582500156015,1.9228307031298755,0.0021,1.0,32,
run_2_config,deepseek-chat,agora_deepseek_ru_t00,3,1,intersection,False,False,32,0.0672,60.238448600051925,1.8824515187516226,0.0021,1.0,32,
run_3_config,deepseek-chat,agora_deepseek_ru_t00,3,1,intersection,False,False,32,0.0672,58.59382800012827,1.8310571250040084,0.0021,1.0,32,
run_4_config,deepseek-chat,agora_deepseek_ru_t00,3,1,intersection,False,False,32,0.0672,56.3421651001554,1.7606926593798562,0.0021,1.0,32,
run_5_config,deepseek-chat,agora_deepseek_ru_t00,3,1,intersection,False,False,32,0.0672,57.70081860013306,1.8031505812541582,0.0021,1.0,32,
agora_deepseek_ru_t07,deepseek-chat,agora_deepseek_ru_t07,3,1,intersection,False,False,160,0.06720000000000001,68.12081,2.1287753125,0.0021000000000000003,5.0,32,0.3253
run_1_config,deepseek-chat,agora_deepseek_ru_t07,3,1,intersection,False,False,32,0.0672,59.88245750009082,1.8713267968778382,0.0021,1.0,32,
run_2_config,deepseek-chat,agora_deepseek_ru_t07,3,1,intersection,False,False,32,0.0672,58.26337289996445,1.8207304031238891,0.0021,1.0,32,
run_3_config,deepseek-chat,agora_deepseek_ru_t07,3,1,intersection,False,False,32,0.0672,61.045397399924695,1.9076686687476467,0.0021,1.0,32,
run_4_config,deepseek-chat,agora_deepseek_ru_t07,3,1,intersection,False,False,32,0.0672,59.87085930001922,1.8709643531256006,0.0021,1.0,32,
run_5_config,deepseek-chat,agora_deepseek_ru_t07,3,1,intersection,False,False,32,0.0672,60.720197299961,1.8975061656237813,0.0021,1.0,32,
agora_gemini_en_t00,gemini-2.5-flash,agora_gemini_en_t00,3,1,intersection,False,False,205,0.06149999999999999,460.047596,11.220673073170731,0.0014999999999999998,5.0,41,0.2336
run_1_config,gemini-2.5-flash,agora_gemini_en_t00,3,1,intersection,False,False,41,0.061500000000000034,454.51390900020465,11.085705097565967,0.001500000000000001,1.0,41,
run_2_config,gemini-2.5-flash,agora_gemini_en_t00,3,1,intersection,False,False,41,0.061500000000000034,364.24021640000893,8.88390771707339,0.001500000000000001,1.0,41,
run_3_config,gemini-2.5-flash,agora_gemini_en_t00,3,1,intersection,False,False,41,0.061500000000000034,377.1099976999683,9.197804821950445,0.001500000000000001,1.0,41,
agora_gemini_en_t07,gemini-2.5-flash,agora_gemini_en_t07,3,1,intersection,False,False,205,0.06149999999999999,78.658479,1.9184994878048782,0.0014999999999999998,5.0,41,0.2329
run_1_config,gemini-2.5-flash,agora_gemini_en_t07,3,1,intersection,False,False,41,0.061500000000000034,78.12363329995422,1.905454470730591,0.001500000000000001,1.0,41,
run_2_config,gemini-2.5-flash,agora_gemini_en_t07,3,1,intersection,False,False,41,0.061500000000000034,59.882337199989735,1.460544809755847,0.001500000000000001,1.0,41,
run_3_config,gemini-2.5-flash,agora_gemini_en_t07,3,1,intersection,False,False,41,0.061500000000000034,57.36360630020498,1.3991123487854873,0.001500000000000001,1.0,41,
run_4_config,gemini-2.5-flash,agora_gemini_en_t07,3,1,intersection,False,False,41,0.061500000000000034,62.221863999962785,1.5176064390234827,0.001500000000000001,1.0,41,
run_5_config,gemini-2.5-flash,agora_gemini_en_t07,3,1,intersection,False,False,41,0.061500000000000034,61.5710388999432,1.5017326560961755,0.001500000000000001,1.0,41,
agora_majority_deepseek_pt_t00,deepseek-chat,agora_majority_deepseek_pt_t00,3,1,majority,False,False,175,0.07350000000000001,608.344363,17.381267514285714,0.0021000000000000003,5.0,35,0.3748
run_1_config,deepseek-chat,agora_majority_deepseek_pt_t00,3,1,majority,False,False,35,0.07350000000000001,600.2955362997016,17.15130103713433,0.0021000000000000003,1.0,35,
run_2_config,deepseek-chat,agora_majority_deepseek_pt_t00,3,1,majority,False,False,35,0.07350000000000001,554.0837718998083,15.830964911423095,0.0021000000000000003,1.0,35,
run_3_config,deepseek-chat,agora_majority_deepseek_pt_t00,3,1,majority,False,False,35,0.07350000000000001,520.8584176995794,14.881669077130839,0.0021000000000000003,1.0,35,
run_4_config,deepseek-chat,agora_majority_deepseek_pt_t00,3,1,majority,False,False,35,0.07350000000000001,535.3007084000857,15.294305954288163,0.0021000000000000003,1.0,35,
run_5_config,deepseek-chat,agora_majority_deepseek_pt_t00,3,1,majority,False,False,35,0.07350000000000001,505.7771204998715,14.4507748714249,0.0021000000000000003,1.0,35,
agora_majority_gpt5nano_bg_t00,gpt-5-nano,agora_majority_gpt5nano_bg_t00,3,1,majority,False,False,160,0.064,3399.296289,106.22800903125,0.002,5.0,32,0.2927
run_1_config,gpt-5-nano,agora_majority_gpt5nano_bg_t00,3,1,majority,False,False,35,0.07000000000000005,3396.898606500125,97.05424590000358,0.0020000000000000013,1.0,35,
run_2_config,gpt-5-nano,agora_majority_gpt5nano_bg_t00,3,1,majority,False,False,35,0.07000000000000005,3145.145366800017,89.8612961942862,0.0020000000000000013,1.0,35,
run_3_config,gpt-5-nano,agora_majority_gpt5nano_bg_t00,3,1,majority,False,False,35,0.07000000000000005,2833.971763199662,80.97062180570462,0.0020000000000000013,1.0,35,
run_4_config,gpt-5-nano,agora_majority_gpt5nano_bg_t00,3,1,majority,False,False,35,0.07000000000000005,3068.9720069998884,87.68491448571109,0.0020000000000000013,1.0,35,
run_5_config,gpt-5-nano,agora_majority_gpt5nano_bg_t00,3,1,majority,False,False,35,0.07000000000000005,2901.568726300262,82.90196360857891,0.0020000000000000013,1.0,35,
agora_majority_gpt5nano_en_t00,gpt-5-nano,agora_majority_gpt5nano_ru_t00,3,1,majority,False,False,205,0.082,2.019208,0.04924897560975609,0.002,5.0,41,0.2372
run_1_config,gpt-5-nano,agora_majority_gpt5nano_en_t00,3,1,majority,False,False,41,0.08200000000000006,574.5690342001617,14.013878882930772,0.0020000000000000013,1.0,41,
run_2_config,gpt-5-nano,agora_majority_gpt5nano_en_t00,3,1,majority,False,False,41,0.08200000000000006,588.4612007001415,14.352712212198572,0.0020000000000000013,1.0,41,
run_3_config,gpt-5-nano,agora_majority_gpt5nano_en_t00,3,1,majority,False,False,41,0.08200000000000006,594.9719938999039,14.511512046339117,0.0020000000000000013,1.0,41,
run_4_config,gpt-5-nano,agora_majority_gpt5nano_en_t00,3,1,majority,False,False,41,0.08200000000000006,682.8644362001213,16.65523015122247,0.0020000000000000013,1.0,41,
run_5_config,gpt-5-nano,agora_majority_gpt5nano_en_t00,3,1,majority,False,False,41,0.08200000000000006,620.7428100998512,15.140068539020762,0.0020000000000000013,1.0,41,
agora_majority_gpt5nano_en_t07,gpt-5-nano,agora_majority_gpt5nano_en_t07,3,1,majority,False,False,205,0.082,4343.111656,105.92955258536587,0.002,5.0,41,0.2271
run_1_config,gpt-5-nano,agora_majority_gpt5nano_en_t07,3,1,majority,False,False,41,0.08200000000000006,4334.632528800055,105.7227446048794,0.0020000000000000013,1.0,41,
run_2_config,gpt-5-nano,agora_majority_gpt5nano_en_t07,3,1,majority,False,False,41,0.08200000000000006,3672.084053699856,89.56302569999649,0.0020000000000000013,1.0,41,
run_3_config,gpt-5-nano,agora_majority_gpt5nano_en_t07,3,1,majority,False,False,41,0.08200000000000006,4649.019180300178,113.39071171463848,0.0020000000000000013,1.0,41,
run_4_config,gpt-5-nano,agora_majority_gpt5nano_en_t07,3,1,majority,False,False,41,0.08200000000000006,4226.446155699903,103.08405257804642,0.0020000000000000013,1.0,41,
run_5_config,gpt-5-nano,agora_majority_gpt5nano_en_t07,3,1,majority,False,False,41,0.08200000000000006,3912.278756299985,95.42143308048745,0.0020000000000000013,1.0,41,
agora_majority_gpt5nano_hi_t00,gpt-5-nano,agora_majority_gpt5nano_hi_t00,3,1,majority,False,False,175,0.06999999999999999,2401.595017,68.61700048571429,0.0019999999999999996,5.0,35,0.2524
run_1_config,gpt-5-nano,agora_majority_gpt5nano_hi_t00,3,1,majority,False,False,35,0.07000000000000005,2394.265625400004,68.40758929714298,0.0020000000000000013,1.0,35,
run_2_config,gpt-5-nano,agora_majority_gpt5nano_hi_t00,3,1,majority,False,False,35,0.07000000000000005,2187.1151891001496,62.489005402861416,0.0020000000000000013,1.0,35,
run_3_config,gpt-5-nano,agora_majority_gpt5nano_hi_t00,3,1,majority,False,False,35,0.07000000000000005,2257.66591220023,64.504740348578,0.0020000000000000013,1.0,35,
run_4_config,gpt-5-nano,agora_majority_gpt5nano_hi_t00,3,1,majority,False,False,35,0.07000000000000005,2419.7266703001233,69.13504772286066,0.0020000000000000013,1.0,35,
run_5_config,gpt-5-nano,agora_majority_gpt5nano_hi_t00,3,1,majority,False,False,35,0.07000000000000005,1935.5852278000661,55.302435080001885,0.0020000000000000013,1.0,35,
agora_majority_gpt5nano_pt_t00,gpt-5-nano,agora_majority_gpt5nano_pt_t00,3,1,majority,False,False,175,0.06999999999999999,1759.75894,50.27882685714285,0.0019999999999999996,5.0,35,0.4022
run_1_config,gpt-5-nano,agora_majority_gpt5nano_pt_t00,3,1,majority,False,False,35,0.07000000000000005,1757.60893950006,50.217398271430284,0.0020000000000000013,1.0,35,
run_2_config,gpt-5-nano,agora_majority_gpt5nano_pt_t00,3,1,majority,False,False,35,0.07000000000000005,1722.0978309996437,49.202795171418394,0.0020000000000000013,1.0,35,
run_3_config,gpt-5-nano,agora_majority_gpt5nano_pt_t00,3,1,majority,False,False,35,0.07000000000000005,1594.4743929002434,45.55641122572124,0.0020000000000000013,1.0,35,
run_4_config,gpt-5-nano,agora_majority_gpt5nano_pt_t00,3,1,majority,False,False,35,0.07000000000000005,1718.3639976000409,49.09611421714402,0.0020000000000000013,1.0,35,
run_5_config,gpt-5-nano,agora_majority_gpt5nano_pt_t00,3,1,majority,False,False,35,0.07000000000000005,1671.2373743001365,47.74963926571819,0.0020000000000000013,1.0,35,
agora_majority_gpt5nano_ru_t00,gpt-5-nano,agora_majority_gpt5nano_ru_t00,3,1,majority,False,False,160,0.064,2275.502756,71.109461125,0.002,5.0,32,0.3114
run_1_config,gpt-5-nano,agora_majority_gpt5nano_ru_t00,3,1,majority,False,False,32,0.06400000000000004,2273.4667024998944,71.0458344531217,0.0020000000000000013,1.0,32,
run_2_config,gpt-5-nano,agora_majority_gpt5nano_ru_t00,3,1,majority,False,False,11,0.022000000000000006,975.4328271998095,88.67571156361905,0.0020000000000000005,1.0,11,
run_3_config,gpt-5-nano,agora_majority_gpt5nano_ru_t00,3,1,majority,False,False,31,0.06200000000000004,2265.906268700026,73.09375060322664,0.0020000000000000013,1.0,31,
run_4_config,gpt-5-nano,agora_majority_gpt5nano_ru_t00,3,1,majority,False,False,29,0.05800000000000004,2027.8917312999245,69.92730107930774,0.0020000000000000013,1.0,29,
run_5_config,gpt-5-nano,agora_majority_gpt5nano_ru_t00,3,1,majority,False,False,32,0.06400000000000004,2035.9200272001326,63.622500850004144,0.0020000000000000013,1.0,32,
agora_majority_mistral_bg_t00,mistral-large-latest,agora_majority_mistral_bg_t00,3,1,majority,False,False,175,1.2249999999999999,778.67095,22.247741428571427,0.034999999999999996,5.0,35,0.2541
run_1_config,mistral-large-latest,agora_majority_mistral_bg_t00,3,1,majority,False,False,35,1.225,777.7998615000396,22.222853185715415,0.035,1.0,35,
run_2_config,mistral-large-latest,agora_majority_mistral_bg_t00,3,1,majority,False,False,35,1.225,797.2178699001665,22.777653425719045,0.035,1.0,35,
run_3_config,mistral-large-latest,agora_majority_mistral_bg_t00,3,1,majority,False,False,35,1.225,778.3786551002412,22.239390145721178,0.035,1.0,35,
run_4_config,mistral-large-latest,agora_majority_mistral_bg_t00,3,1,majority,False,False,35,1.225,772.9595063002781,22.08455732286509,0.035,1.0,35,
run_5_config,mistral-large-latest,agora_majority_mistral_bg_t00,3,1,majority,False,False,35,1.225,783.9999359999784,22.399998171427956,0.035,1.0,35,
agora_majority_mistral_en_t00,mistral-large-latest,agora_majority_mistral_en_t00,3,1,majority,False,False,205,1.435,129.891064,3.168074731707317,0.035,5.0,41,0.1484
run_1_config,mistral-large-latest,agora_majority_mistral_en_t00,3,1,majority,False,False,41,1.4349999999999996,129.4597382999491,3.1575545926816853,0.03499999999999999,1.0,41,
run_2_config,mistral-large-latest,agora_majority_mistral_en_t00,3,1,majority,False,False,41,1.4349999999999996,136.92648839997125,3.3396704487797866,0.03499999999999999,1.0,41,
run_3_config,mistral-large-latest,agora_majority_mistral_en_t00,3,1,majority,False,False,41,1.4349999999999996,122.84939190000289,2.9963266317073876,0.03499999999999999,1.0,41,
run_4_config,mistral-large-latest,agora_majority_mistral_en_t00,3,1,majority,False,False,41,1.4349999999999996,127.91086810012344,3.119777270734718,0.03499999999999999,1.0,41,
run_5_config,mistral-large-latest,agora_majority_mistral_en_t00,3,1,majority,False,False,41,1.4349999999999996,128.7324592999647,3.139816080486944,0.03499999999999999,1.0,41,
agora_majority_mistral_en_t00_evidence,mistral-large-latest,agora_majority_mistral_en_t00_evidence,3,1,majority,False,False,205,1.435,855.237617,20.85945407317073,0.035,5.0,41,0.1507
run_1_config,mistral-large-latest,agora_majority_mistral_en_t00_evidence,3,1,majority,False,False,41,1.4349999999999996,854.7642367999066,20.847908214631868,0.03499999999999999,1.0,41,
agora_majority_mistral_en_t07,mistral-large-latest,agora_majority_mistral_en_t07,3,1,majority,False,False,200,1.4000000000000001,129.876093,3.246902325,0.035,5.0,40,0.1374
run_1_config,mistral-large-latest,agora_majority_mistral_en_t07,3,1,majority,False,False,41,1.4349999999999996,129.41519650002013,3.1564682073175643,0.03499999999999999,1.0,41,
run_2_config,mistral-large-latest,agora_majority_mistral_en_t07,3,1,majority,False,False,41,1.4349999999999996,127.97332330001517,3.121300568293053,0.03499999999999999,1.0,41,
run_3_config,mistral-large-latest,agora_majority_mistral_en_t07,3,1,majority,False,False,41,1.4349999999999996,122.02346699987535,2.976182121948179,0.03499999999999999,1.0,41,
run_4_config,mistral-large-latest,agora_majority_mistral_en_t07,3,1,majority,False,False,41,1.4349999999999996,124.47879309998832,3.036068124389959,0.03499999999999999,1.0,41,
run_5_config,mistral-large-latest,agora_majority_mistral_en_t07,3,1,majority,False,False,41,1.4349999999999996,129.28200779994955,3.1532197024377937,0.03499999999999999,1.0,41,
agora_majority_mistral_hi_t00,mistral-large-latest,agora_majority_mistral_hi_t00,3,1,majority,False,False,175,1.2249999999999999,1539.206977,43.9773422,0.034999999999999996,5.0,35,0.1779
run_1_config,mistral-large-latest,agora_majority_mistral_hi_t00,3,1,majority,False,False,35,1.225,1538.492671499961,43.95693347142746,0.035,1.0,35,
run_2_config,mistral-large-latest,agora_majority_mistral_hi_t00,3,1,majority,False,False,35,1.225,912.3513952996576,26.06718272284736,0.035,1.0,35,
run_3_config,mistral-large-latest,agora_majority_mistral_hi_t00,3,1,majority,False,False,35,1.225,910.2260778001515,26.006459365718616,0.035,1.0,35,
run_4_config,mistral-large-latest,agora_majority_mistral_hi_t00,3,1,majority,False,False,35,1.225,935.8224327000796,26.737783791430846,0.035,1.0,35,
run_5_config,mistral-large-latest,agora_majority_mistral_hi_t00,3,1,majority,False,False,35,1.225,920.4140460998749,26.297544174282137,0.035,1.0,35,
agora_majority_mistral_pt_t00,mistral-large-latest,agora_majority_mistral_pt_t00,3,1,majority,False,False,175,1.2249999999999999,467.871278,13.3677508,0.034999999999999996,5.0,35,0.2579
run_1_config,mistral-large-latest,agora_majority_mistral_pt_t00,3,1,majority,False,False,35,1.225,467.13602069998143,13.346743448570898,0.035,1.0,35,
run_2_config,mistral-large-latest,agora_majority_mistral_pt_t00,3,1,majority,False,False,35,1.225,465.4665525997988,13.29904435999425,0.035,1.0,35,
run_3_config,mistral-large-latest,agora_majority_mistral_pt_t00,3,1,majority,False,False,35,1.225,449.5761919999494,12.845034057141412,0.035,1.0,35,
run_4_config,mistral-large-latest,agora_majority_mistral_pt_t00,3,1,majority,False,False,35,1.225,458.1935520996337,13.091244345703819,0.035,1.0,35,
run_5_config,mistral-large-latest,agora_majority_mistral_pt_t00,3,1,majority,False,False,35,1.225,452.24583589984104,12.921309597138315,0.035,1.0,35,
agora_majority_mistral_ru_t00,mistral-large-latest,agora_majority_mistral_ru_t00,3,1,majority,False,False,160,1.12,584.3038960000001,18.259496750000004,0.035,5.0,32,0.234
run_1_config,mistral-large-latest,agora_majority_mistral_ru_t00,3,1,majority,False,False,32,1.1200000000000003,583.4663205002435,18.233322515632608,0.03500000000000001,1.0,32,
run_2_config,mistral-large-latest,agora_majority_mistral_ru_t00,3,1,majority,False,False,32,1.1200000000000003,600.7205199999735,18.77251624999917,0.03500000000000001,1.0,32,
run_3_config,mistral-large-latest,agora_majority_mistral_ru_t00,3,1,majority,False,False,32,1.1200000000000003,614.0619716001675,19.189436612505233,0.03500000000000001,1.0,32,
run_4_config,mistral-large-latest,agora_majority_mistral_ru_t00,3,1,majority,False,False,32,1.1200000000000003,560.3107481002808,17.509710878133774,0.03500000000000001,1.0,32,
run_5_config,mistral-large-latest,agora_majority_mistral_ru_t00,3,1,majority,False,False,32,1.1200000000000003,618.3986211996526,19.324956912489142,0.03500000000000001,1.0,32,
agora_majority_together_llama33_70b_bg_t00,meta-llama/Llama-3.3-70B-Instruct-Turbo,agora_majority_together_llama33_70b_bg_t00,3,1,majority,False,False,175,0.06999999999999999,300.829613,8.5951318,0.0019999999999999996,5.0,35,0.1828
run_1_config,meta-llama/Llama-3.3-70B-Instruct-Turbo,agora_majority_together_llama33_70b_bg_t00,3,1,majority,False,False,35,0.0,290.35315300011996,8.295804371431998,0.0,1.0,35,
run_2_config,meta-llama/Llama-3.3-70B-Instruct-Turbo,agora_majority_together_llama33_70b_bg_t00,3,1,majority,False,False,35,0.0,294.06955379992735,8.401987251426496,0.0,1.0,35,
run_3_config,meta-llama/Llama-3.3-70B-Instruct-Turbo,agora_majority_together_llama33_70b_bg_t00,3,1,majority,False,False,35,0.0,296.4691170002335,8.470546200006671,0.0,1.0,35,
run_4_config,meta-llama/Llama-3.3-70B-Instruct-Turbo,agora_majority_together_llama33_70b_bg_t00,3,1,majority,False,False,35,0.0,196.64710150007156,5.618488614287759,0.0,1.0,35,
run_5_config,meta-llama/Llama-3.3-70B-Instruct-Turbo,agora_majority_together_llama33_70b_bg_t00,3,1,majority,False,False,35,0.0,216.79594059987002,6.194169731424858,0.0,1.0,35,
agora_majority_together_llama33_70b_en_t00,meta-llama/Llama-3.3-70B-Instruct-Turbo,agora_majority_together_llama33_70b_en_t00,3,1,majority,False,False,205,0.082,128.682741,3.13860343902439,0.002,5.0,41,0.1549
run_1_config,meta-llama/Llama-3.3-70B-Instruct-Turbo,agora_majority_together_llama33_70b_en_t00,3,1,majority,False,False,41,0.0,118.80300399987021,2.8976342438992733,0.0,1.0,41,
run_2_config,meta-llama/Llama-3.3-70B-Instruct-Turbo,agora_majority_together_llama33_70b_en_t00,3,1,majority,False,False,41,0.0,113.53962989989678,2.769259265851141,0.0,1.0,41,
run_3_config,meta-llama/Llama-3.3-70B-Instruct-Turbo,agora_majority_together_llama33_70b_en_t00,3,1,majority,False,False,41,0.0,126.1455413997174,3.0767205219443268,0.0,1.0,41,
run_4_config,meta-llama/Llama-3.3-70B-Instruct-Turbo,agora_majority_together_llama33_70b_en_t00,3,1,majority,False,False,41,0.0,150.16614989982932,3.6625890219470567,0.0,1.0,41,
run_5_config,meta-llama/Llama-3.3-70B-Instruct-Turbo,agora_majority_together_llama33_70b_en_t00,3,1,majority,False,False,41,0.0,137.92494660010556,3.3640230878074524,0.0,1.0,41,
agora_majority_together_llama33_70b_en_t07,meta-llama/Llama-3.3-70B-Instruct-Turbo,agora_majority_together_llama33_70b_en_t07,3,1,majority,False,False,205,0.082,312.004403,7.60986348780488,0.002,5.0,41,0.1379
run_1_config,meta-llama/Llama-3.3-70B-Instruct-Turbo,agora_majority_together_llama33_70b_en_t07,3,1,majority,False,False,41,0.0,302.26566610019654,7.372333319516989,0.0,1.0,41,
run_2_config,meta-llama/Llama-3.3-70B-Instruct-Turbo,agora_majority_together_llama33_70b_en_t07,3,1,majority,False,False,41,0.0,413.71462220000063,10.090600541463429,0.0,1.0,41,
run_3_config,meta-llama/Llama-3.3-70B-Instruct-Turbo,agora_majority_together_llama33_70b_en_t07,3,1,majority,False,False,41,0.0,976.4552588001831,23.815981921955686,0.0,1.0,41,
run_4_config,meta-llama/Llama-3.3-70B-Instruct-Turbo,agora_majority_together_llama33_70b_en_t07,3,1,majority,False,False,41,0.0,597.9195012003179,14.583402468300436,0.0,1.0,41,
run_5_config,meta-llama/Llama-3.3-70B-Instruct-Turbo,agora_majority_together_llama33_70b_en_t07,3,1,majority,False,False,41,0.0,382.92549430020154,9.33964620244394,0.0,1.0,41,
agora_majority_together_llama33_70b_hi_t00,meta-llama/Llama-3.3-70B-Instruct-Turbo,agora_majority_together_llama33_70b_hi_t00,3,1,majority,False,False,175,0.06999999999999999,202.363859,5.781824542857143,0.0019999999999999996,5.0,35,0.1216
run_1_config,meta-llama/Llama-3.3-70B-Instruct-Turbo,agora_majority_together_llama33_70b_hi_t00,3,1,majority,False,False,35,0.0,192.28986490005622,5.493996140001606,0.0,1.0,35,
run_2_config,meta-llama/Llama-3.3-70B-Instruct-Turbo,agora_majority_together_llama33_70b_hi_t00,3,1,majority,False,False,35,0.0,234.04616010002786,6.687033145715081,0.0,1.0,35,
run_3_config,meta-llama/Llama-3.3-70B-Instruct-Turbo,agora_majority_together_llama33_70b_hi_t00,3,1,majority,False,False,35,0.0,241.20205989992263,6.891487425712075,0.0,1.0,35,
run_4_config,meta-llama/Llama-3.3-70B-Instruct-Turbo,agora_majority_together_llama33_70b_hi_t00,3,1,majority,False,False,35,0.0,294.4883047002369,8.413951562863911,0.0,1.0,35,
run_5_config,meta-llama/Llama-3.3-70B-Instruct-Turbo,agora_majority_together_llama33_70b_hi_t00,3,1,majority,False,False,35,0.0,279.21056850021716,7.977444814291919,0.0,1.0,35,
agora_majority_together_llama33_70b_pt_t00,meta-llama/Llama-3.3-70B-Instruct-Turbo,agora_majority_together_llama33_70b_pt_t00,3,1,majority,False,False,175,0.06999999999999999,139.104432,3.9744123428571427,0.0019999999999999996,5.0,35,0.1115
run_1_config,meta-llama/Llama-3.3-70B-Instruct-Turbo,agora_majority_together_llama33_70b_pt_t00,3,1,majority,False,False,35,0.0,129.07701819995424,3.687914805712978,0.0,1.0,35,
run_2_config,meta-llama/Llama-3.3-70B-Instruct-Turbo,agora_majority_together_llama33_70b_pt_t00,3,1,majority,False,False,35,0.0,156.37669129995624,4.467905465713035,0.0,1.0,35,
run_3_config,meta-llama/Llama-3.3-70B-Instruct-Turbo,agora_majority_together_llama33_70b_pt_t00,3,1,majority,False,False,35,0.0,177.3694625999778,5.0676989314279375,0.0,1.0,35,
run_4_config,meta-llama/Llama-3.3-70B-Instruct-Turbo,agora_majority_together_llama33_70b_pt_t00,3,1,majority,False,False,35,0.0,374.2802097001112,10.693720277146035,0.0,1.0,35,
run_5_config,meta-llama/Llama-3.3-70B-Instruct-Turbo,agora_majority_together_llama33_70b_pt_t00,3,1,majority,False,False,35,0.0,245.8102252003736,7.023149291439245,0.0,1.0,35,
agora_majority_together_llama33_70b_ru_t00,meta-llama/Llama-3.3-70B-Instruct-Turbo,agora_majority_together_llama33_70b_ru_t00,3,1,majority,False,False,160,0.064,202.823715,6.33824109375,0.002,5.0,32,0.2126
run_1_config,meta-llama/Llama-3.3-70B-Instruct-Turbo,agora_majority_together_llama33_70b_ru_t00,3,1,majority,False,False,32,0.0,193.11593710025772,6.034873034383054,0.0,1.0,32,
run_2_config,meta-llama/Llama-3.3-70B-Instruct-Turbo,agora_majority_together_llama33_70b_ru_t00,3,1,majority,False,False,32,0.0,153.8485648999922,4.807767653124756,0.0,1.0,32,
run_3_config,meta-llama/Llama-3.3-70B-Instruct-Turbo,agora_majority_together_llama33_70b_ru_t00,3,1,majority,False,False,32,0.0,274.1011689999141,8.565661531247315,0.0,1.0,32,
run_4_config,meta-llama/Llama-3.3-70B-Instruct-Turbo,agora_majority_together_llama33_70b_ru_t00,3,1,majority,False,False,32,0.0,239.67501200037077,7.489844125011587,0.0,1.0,32,
run_5_config,meta-llama/Llama-3.3-70B-Instruct-Turbo,agora_majority_together_llama33_70b_ru_t00,3,1,majority,False,False,32,0.0,318.14946569968015,9.942170803115005,0.0,1.0,32,
agora_mistral_bg_t00,mistral-large-latest,agora_mistral_bg_t00,3,1,intersection,False,False,170,1.19,179.676955,5.284616323529412,0.034999999999999996,5.0,34,0.2571
run_1_config,mistral-large-latest,agora_mistral_bg_t00,3,1,intersection,False,False,35,1.225,179.2399572001304,5.12114163428944,0.035,1.0,35,
run_2_config,mistral-large-latest,agora_mistral_bg_t00,3,1,intersection,False,False,35,1.225,129.44612039998185,3.698460582856624,0.035,1.0,35,
run_3_config,mistral-large-latest,agora_mistral_bg_t00,3,1,intersection,False,False,35,1.225,168.24212499987328,4.806917857139236,0.035,1.0,35,
run_4_config,mistral-large-latest,agora_mistral_bg_t00,3,1,intersection,False,False,35,1.225,154.8300606000703,4.423716017144866,0.035,1.0,35,
run_5_config,mistral-large-latest,agora_mistral_bg_t00,3,1,intersection,False,False,35,1.225,138.49557489994916,3.9570164257128333,0.035,1.0,35,
agora_mistral_en_t00,mistral-large-latest,agora_mistral_en_t00,3,1,intersection,False,False,205,1.435,118.054,2.8793658536585367,0.035,5.0,41,0.1651
run_1_config,mistral-large-latest,agora_mistral_en_t00,3,1,intersection,False,False,41,1.4349999999999996,117.61933949985534,2.868764378045252,0.03499999999999999,1.0,41,
run_2_config,mistral-large-latest,agora_mistral_en_t00,3,1,intersection,False,False,41,1.4349999999999996,128.29582439991634,3.1291664487784474,0.03499999999999999,1.0,41,
run_3_config,mistral-large-latest,agora_mistral_en_t00,3,1,intersection,False,False,41,1.4349999999999996,145.53301890008157,3.5495858268312577,0.03499999999999999,1.0,41,
run_4_config,mistral-large-latest,agora_mistral_en_t00,3,1,intersection,False,False,41,1.4349999999999996,123.92238830006681,3.0224972756113857,0.03499999999999999,1.0,41,
run_5_config,mistral-large-latest,agora_mistral_en_t00,3,1,intersection,False,False,41,1.4349999999999996,120.77621630020435,2.945761373175716,0.03499999999999999,1.0,41,
agora_mistral_en_t00_evidence,mistral-large-latest,agora_mistral_en_t00_evidence,3,1,intersection,False,False,205,1.435,845.168234,20.613859365853656,0.035,5.0,41,0.1613
run_1_config,mistral-large-latest,agora_mistral_en_t00_evidence,3,1,intersection,False,False,41,1.4349999999999996,844.6984104001896,20.60240025366316,0.03499999999999999,1.0,41,
agora_mistral_en_t07,mistral-large-latest,agora_mistral_en_t07,3,1,intersection,False,False,200,1.4000000000000001,131.781967,3.294549175,0.035,5.0,40,0.1614
run_1_config,mistral-large-latest,agora_mistral_en_t07,3,1,intersection,False,False,41,1.4349999999999996,131.33780690003178,3.2033611439032144,0.03499999999999999,1.0,41,
run_2_config,mistral-large-latest,agora_mistral_en_t07,3,1,intersection,False,False,41,1.4349999999999996,130.55537259997806,3.1842773804872695,0.03499999999999999,1.0,41,
run_3_config,mistral-large-latest,agora_mistral_en_t07,3,1,intersection,False,False,41,1.4349999999999996,126.0702690000181,3.0748846097565394,0.03499999999999999,1.0,41,
run_4_config,mistral-large-latest,agora_mistral_en_t07,3,1,intersection,False,False,41,1.4349999999999996,128.57326660002573,3.1359333317079443,0.03499999999999999,1.0,41,
run_5_config,mistral-large-latest,agora_mistral_en_t07,3,1,intersection,False,False,41,1.4349999999999996,130.4234844001477,3.181060595125553,0.03499999999999999,1.0,41,
agora_mistral_hi_t00,mistral-large-latest,agora_mistral_hi_t00,3,1,intersection,False,False,175,1.2249999999999999,166.810844,4.766024114285715,0.034999999999999996,5.0,35,0.1853
run_1_config,mistral-large-latest,agora_mistral_hi_t00,3,1,intersection,False,False,35,1.225,166.3775671999902,4.753644777142577,0.035,1.0,35,
run_2_config,mistral-large-latest,agora_mistral_hi_t00,3,1,intersection,False,False,35,1.225,199.51599749992613,5.700457071426461,0.035,1.0,35,
run_3_config,mistral-large-latest,agora_mistral_hi_t00,3,1,intersection,False,False,35,1.225,166.95308930007738,4.770088265716496,0.035,1.0,35,
run_4_config,mistral-large-latest,agora_mistral_hi_t00,3,1,intersection,False,False,35,1.225,162.8029056000523,4.651511588572923,0.035,1.0,35,
run_5_config,mistral-large-latest,agora_mistral_hi_t00,3,1,intersection,False,False,35,1.225,175.3042206000536,5.008692017144389,0.035,1.0,35,
agora_mistral_pt_t00,mistral-large-latest,agora_mistral_pt_t00,3,1,intersection,False,False,175,1.2249999999999999,79.903145,2.2829469999999996,0.034999999999999996,5.0,35,0.275
run_1_config,mistral-large-latest,agora_mistral_pt_t00,3,1,intersection,False,False,35,1.225,79.48029379989018,2.2708655371397195,0.035,1.0,35,
run_2_config,mistral-large-latest,agora_mistral_pt_t00,3,1,intersection,False,False,35,1.225,80.02839199989103,2.2865254857111723,0.035,1.0,35,
run_3_config,mistral-large-latest,agora_mistral_pt_t00,3,1,intersection,False,False,35,1.225,89.3704419999849,2.5534411999995688,0.035,1.0,35,
run_4_config,mistral-large-latest,agora_mistral_pt_t00,3,1,intersection,False,False,35,1.225,78.4022401999682,2.240064005713377,0.035,1.0,35,
run_5_config,mistral-large-latest,agora_mistral_pt_t00,3,1,intersection,False,False,35,1.225,74.18653600011024,2.119615314288864,0.035,1.0,35,
agora_mistral_ru_t00,mistral-large-latest,agora_mistral_ru_t00,3,1,intersection,False,False,150,1.0499999999999998,118.11582899999999,3.9371943000000003,0.034999999999999996,5.0,30,0.1878
run_1_config,mistral-large-latest,agora_mistral_ru_t00,3,1,intersection,False,False,32,1.1200000000000003,117.68963959999382,3.677801237499807,0.03500000000000001,1.0,32,
run_2_config,mistral-large-latest,agora_mistral_ru_t00,3,1,intersection,False,False,32,1.1200000000000003,130.76447999989614,4.086389999996754,0.03500000000000001,1.0,32,
run_3_config,mistral-large-latest,agora_mistral_ru_t00,3,1,intersection,False,False,32,1.1200000000000003,120.26672149985097,3.758335046870343,0.03500000000000001,1.0,32,
run_4_config,mistral-large-latest,agora_mistral_ru_t00,3,1,intersection,False,False,32,1.1200000000000003,122.73376270011067,3.8354300843784586,0.03500000000000001,1.0,32,
run_5_config,mistral-large-latest,agora_mistral_ru_t00,3,1,intersection,False,False,32,1.1200000000000003,114.08001030003652,3.5650003218761412,0.03500000000000001,1.0,32,
agora_together_llama33_70b_en_t00,meta-llama/Llama-3.3-70B-Instruct-Turbo,agora_together_llama33_70b_en_t00,3,1,intersection,False,False,205,0.082,241.950429,5.901229975609756,0.002,5.0,41,0.1476
run_1_config,meta-llama/Llama-3.3-70B-Instruct-Turbo,agora_together_llama33_70b_en_t00,3,1,intersection,False,False,41,0.0,225.43581510009258,5.498434514636405,0.0,1.0,41,
run_2_config,meta-llama/Llama-3.3-70B-Instruct-Turbo,agora_together_llama33_70b_en_t00,3,1,intersection,False,False,41,0.0,167.24343609996149,4.0791081975600365,0.0,1.0,41,
run_3_config,meta-llama/Llama-3.3-70B-Instruct-Turbo,agora_together_llama33_70b_en_t00,3,1,intersection,False,False,41,0.0,169.32479109987622,4.129872953655518,0.0,1.0,41,
run_4_config,meta-llama/Llama-3.3-70B-Instruct-Turbo,agora_together_llama33_70b_en_t00,3,1,intersection,False,False,41,0.0,80.94717739988124,1.9743213999971034,0.0,1.0,41,
run_5_config,meta-llama/Llama-3.3-70B-Instruct-Turbo,agora_together_llama33_70b_en_t00,3,1,intersection,False,False,41,0.0,104.56722459988667,2.550420112192358,0.0,1.0,41,
agora_together_llama33_70b_en_t07,meta-llama/Llama-3.3-70B-Instruct-Turbo,agora_together_llama33_70b_en_t07,3,1,intersection,False,False,205,0.082,298.032487,7.269085048780489,0.002,5.0,41,0.1627
run_1_config,meta-llama/Llama-3.3-70B-Instruct-Turbo,agora_together_llama33_70b_en_t07,3,1,intersection,False,False,41,0.0,288.0644653998314,7.025962570727596,0.0,1.0,41,
run_2_config,meta-llama/Llama-3.3-70B-Instruct-Turbo,agora_together_llama33_70b_en_t07,3,1,intersection,False,False,41,0.0,308.5534425997175,7.52569372194433,0.0,1.0,41,
run_3_config,meta-llama/Llama-3.3-70B-Instruct-Turbo,agora_together_llama33_70b_en_t07,3,1,intersection,False,False,41,0.0,292.4494850998746,7.132914270728649,0.0,1.0,41,
run_4_config,meta-llama/Llama-3.3-70B-Instruct-Turbo,agora_together_llama33_70b_en_t07,3,1,intersection,False,False,41,0.0,285.7886581998317,6.970455078044675,0.0,1.0,41,
run_5_config,meta-llama/Llama-3.3-70B-Instruct-Turbo,agora_together_llama33_70b_en_t07,3,1,intersection,False,False,41,0.0,256.8908408000134,6.265630263414961,0.0,1.0,41,
agora_union_deepseek_pt_t00,deepseek-chat,agora_union_deepseek_pt_t00,3,1,union,False,False,175,0.07350000000000001,647.248675,18.492819285714287,0.0021000000000000003,5.0,35,0.3756
run_1_config,deepseek-chat,agora_union_deepseek_pt_t00,3,1,union,False,False,35,0.07350000000000001,639.3459100001492,18.26702600000426,0.0021000000000000003,1.0,35,
run_2_config,deepseek-chat,agora_union_deepseek_pt_t00,3,1,union,False,False,35,0.07350000000000001,586.6778653999788,16.76222472571368,0.0021000000000000003,1.0,35,
run_3_config,deepseek-chat,agora_union_deepseek_pt_t00,3,1,union,False,False,35,0.07350000000000001,547.0133473998868,15.628952782853908,0.0021000000000000003,1.0,35,
run_4_config,deepseek-chat,agora_union_deepseek_pt_t00,3,1,union,False,False,35,0.07350000000000001,545.9171589999463,15.59763311428418,0.0021000000000000003,1.0,35,
run_5_config,deepseek-chat,agora_union_deepseek_pt_t00,3,1,union,False,False,35,0.07350000000000001,537.9812416997738,15.370892619993537,0.0021000000000000003,1.0,35,
agora_union_gpt5nano_en_t00,gpt-5-nano,agora_union_gpt5nano_en_t00,3,1,union,False,False,205,0.082,7714.052941,188.14763270731706,0.002,5.0,41,0.2086
run_1_config,gpt-5-nano,agora_union_gpt5nano_en_t00,3,1,union,False,False,41,0.08200000000000006,7712.275797399695,188.10428774145598,0.0020000000000000013,1.0,41,
run_2_config,gpt-5-nano,agora_union_gpt5nano_en_t00,3,1,union,False,False,41,0.08200000000000006,9937.13886430022,242.36924059268827,0.0020000000000000013,1.0,41,
run_3_config,gpt-5-nano,agora_union_gpt5nano_en_t00,3,1,union,False,False,41,0.08200000000000006,8763.260721399914,213.73806637560767,0.0020000000000000013,1.0,41,
run_4_config,gpt-5-nano,agora_union_gpt5nano_en_t00,3,1,union,False,False,41,0.08200000000000006,9055.46453409968,220.86498863657755,0.0020000000000000013,1.0,41,
run_5_config,gpt-5-nano,agora_union_gpt5nano_en_t00,3,1,union,False,False,41,0.08200000000000006,8593.2375334003,209.59115935122685,0.0020000000000000013,1.0,41,
agora_union_gpt5nano_en_t07,gpt-5-nano,agora_union_gpt5nano_en_t07,3,1,union,False,False,205,0.082,4473.03459,109.09840463414633,0.002,5.0,41,0.23
run_1_config,gpt-5-nano,agora_union_gpt5nano_en_t07,3,1,union,False,False,41,0.08200000000000006,4459.680059100038,108.77268436829361,0.0020000000000000013,1.0,41,
run_2_config,gpt-5-nano,agora_union_gpt5nano_en_t07,3,1,union,False,False,41,0.08200000000000006,4627.868172899822,112.8748334853615,0.0020000000000000013,1.0,41,
run_3_config,gpt-5-nano,agora_union_gpt5nano_en_t07,3,1,union,False,False,41,0.08200000000000006,4288.497558599804,104.5975014292635,0.0020000000000000013,1.0,41,
run_4_config,gpt-5-nano,agora_union_gpt5nano_en_t07,3,1,union,False,False,41,0.08200000000000006,4762.703919599768,116.16351023414067,0.0020000000000000013,1.0,41,
run_5_config,gpt-5-nano,agora_union_gpt5nano_en_t07,3,1,union,False,False,41,0.08200000000000006,4535.267045900224,110.61626941220058,0.0020000000000000013,1.0,41,
agora_union_mistral_en_t00,mistral-large-latest,agora_union_mistral_en_t00,3,1,union,False,False,205,1.435,144.46755,3.5235987804878044,0.035,5.0,41,0.1428
run_1_config,mistral-large-latest,agora_union_mistral_en_t00,3,1,union,False,False,41,1.4349999999999996,143.95085339993233,3.510996424388593,0.03499999999999999,1.0,41,
run_2_config,mistral-large-latest,agora_union_mistral_en_t00,3,1,union,False,False,41,1.4349999999999996,135.83166139991954,3.3129673512175497,0.03499999999999999,1.0,41,
run_3_config,mistral-large-latest,agora_union_mistral_en_t00,3,1,union,False,False,41,1.4349999999999996,143.04031830001628,3.4887882512199093,0.03499999999999999,1.0,41,
run_4_config,mistral-large-latest,agora_union_mistral_en_t00,3,1,union,False,False,41,1.4349999999999996,130.7835801001638,3.1898434170771655,0.03499999999999999,1.0,41,
run_5_config,mistral-large-latest,agora_union_mistral_en_t00,3,1,union,False,False,41,1.4349999999999996,137.27555250003928,3.3481842073180315,0.03499999999999999,1.0,41,
agora_union_mistral_en_t07,mistral-large-latest,agora_union_mistral_en_t07,3,1,union,False,False,205,1.435,863.462185,21.060053292682927,0.035,5.0,41,0.142
run_1_config,mistral-large-latest,agora_union_mistral_en_t07,3,1,union,False,False,41,1.4349999999999996,863.026117799803,21.049417507312267,0.03499999999999999,1.0,41,
run_2_config,mistral-large-latest,agora_union_mistral_en_t07,3,1,union,False,False,41,1.4349999999999996,944.4157046996979,23.03452938291946,0.03499999999999999,1.0,41,
run_3_config,mistral-large-latest,agora_union_mistral_en_t07,3,1,union,False,False,41,1.4349999999999996,875.4103584000845,21.35147215609962,0.03499999999999999,1.0,41,
run_4_config,mistral-large-latest,agora_union_mistral_en_t07,3,1,union,False,False,41,1.4349999999999996,922.3255012999291,22.495743934144613,0.03499999999999999,1.0,41,
run_5_config,mistral-large-latest,agora_union_mistral_en_t07,3,1,union,False,False,41,1.4349999999999996,895.6567728999071,21.845287143900173,0.03499999999999999,1.0,41,
agora_union_together_llama33_70b_en_t00,meta-llama/Llama-3.3-70B-Instruct-Turbo,agora_union_together_llama33_70b_en_t00,3,1,union,False,False,205,0.082,212.777369,5.189691926829268,0.002,5.0,41,0.1369
run_1_config,meta-llama/Llama-3.3-70B-Instruct-Turbo,agora_union_together_llama33_70b_en_t00,3,1,union,False,False,41,0.0,200.2218631999568,4.883460078047727,0.0,1.0,41,
run_2_config,meta-llama/Llama-3.3-70B-Instruct-Turbo,agora_union_together_llama33_70b_en_t00,3,1,union,False,False,41,0.0,161.10303630027911,3.9293423487872956,0.0,1.0,41,
run_3_config,meta-llama/Llama-3.3-70B-Instruct-Turbo,agora_union_together_llama33_70b_en_t00,3,1,union,False,False,41,0.0,102.84646340040486,2.5084503268391427,0.0,1.0,41,
run_4_config,meta-llama/Llama-3.3-70B-Instruct-Turbo,agora_union_together_llama33_70b_en_t00,3,1,union,False,False,41,0.0,100.18108650017538,2.4434411341506195,0.0,1.0,41,
run_5_config,meta-llama/Llama-3.3-70B-Instruct-Turbo,agora_union_together_llama33_70b_en_t00,3,1,union,False,False,41,0.0,80.66886539990085,1.9675333024366062,0.0,1.0,41,
agora_union_together_llama33_70b_en_t07,meta-llama/Llama-3.3-70B-Instruct-Turbo,agora_union_together_llama33_70b_en_t07,3,1,union,False,False,205,0.082,414.395014,10.107195463414635,0.002,5.0,41,0.1385
run_1_config,meta-llama/Llama-3.3-70B-Instruct-Turbo,agora_union_together_llama33_70b_en_t07,3,1,union,False,False,41,0.0,404.7166775995867,9.8711384780387,0.0,1.0,41,
run_2_config,meta-llama/Llama-3.3-70B-Instruct-Turbo,agora_union_together_llama33_70b_en_t07,3,1,union,False,False,41,0.0,540.9260125998405,13.193317380483915,0.0,1.0,41,
run_3_config,meta-llama/Llama-3.3-70B-Instruct-Turbo,agora_union_together_llama33_70b_en_t07,3,1,union,False,False,41,0.0,370.44151639984926,9.03515893658169,0.0,1.0,41,
run_4_config,meta-llama/Llama-3.3-70B-Instruct-Turbo,agora_union_together_llama33_70b_en_t07,3,1,union,False,False,41,0.0,302.21833229996236,7.3711788365844475,0.0,1.0,41,
run_5_config,meta-llama/Llama-3.3-70B-Instruct-Turbo,agora_union_together_llama33_70b_en_t07,3,1,union,False,False,41,0.0,436.1504366002049,10.637815526834265,0.0,1.0,41,
baseline_deepseek_bg_t00,deepseek-chat,baseline_deepseek_bg_t00,1,1,union,False,False,105,0.0441,73.46343,2.098955142857143,0.00126,3.0,35,0.3459
run_1_config,deepseek-chat,baseline_deepseek_bg_t00,1,1,union,False,False,35,0.044099999999999986,61.61286090011706,1.760367454289059,0.0012599999999999996,1.0,35,
run_2_config,deepseek-chat,baseline_deepseek_bg_t00,1,1,union,False,False,35,0.044099999999999986,66.66471970011479,1.9047062771461367,0.0012599999999999996,1.0,35,
run_3_config,deepseek-chat,baseline_deepseek_bg_t00,1,1,union,False,False,35,0.044099999999999986,70.06109110009854,2.001745460002815,0.0012599999999999996,1.0,35,
run_4_config,deepseek-chat,baseline_deepseek_bg_t00,1,1,union,False,False,35,0.044099999999999986,68.89351240009998,1.9683860685742849,0.0012599999999999996,1.0,35,
run_5_config,deepseek-chat,baseline_deepseek_bg_t00,1,1,union,False,False,35,0.044099999999999986,74.54424829990603,2.129835665711601,0.0012599999999999996,1.0,35,
baseline_deepseek_bg_t07,deepseek-chat,baseline_deepseek_bg_t07,1,1,union,False,False,105,0.0441,76.090925,2.174026428571429,0.00126,3.0,35,0.3409
run_1_config,deepseek-chat,baseline_deepseek_bg_t07,1,1,union,False,False,35,0.044099999999999986,69.95660039992069,1.9987600114263053,0.0012599999999999996,1.0,35,
run_2_config,deepseek-chat,baseline_deepseek_bg_t07,1,1,union,False,False,35,0.044099999999999986,64.34360149991701,1.838388614283343,0.0012599999999999996,1.0,35,
run_3_config,deepseek-chat,baseline_deepseek_bg_t07,1,1,union,False,False,35,0.044099999999999986,63.83386450004759,1.8238247000013597,0.0012599999999999996,1.0,35,
run_4_config,deepseek-chat,baseline_deepseek_bg_t07,1,1,union,False,False,35,0.044099999999999986,66.33410159987393,1.8952600457106836,0.0012599999999999996,1.0,35,
run_5_config,deepseek-chat,baseline_deepseek_bg_t07,1,1,union,False,False,35,0.044099999999999986,69.4027594998479,1.98293598570994,0.0012599999999999996,1.0,35,
baseline_deepseek_en_t00,deepseek-chat,baseline_deepseek_en_t00,1,1,union,False,False,123,0.05166000000000001,5.650573,0.13781885365853658,0.0012600000000000003,3.0,41,0.1853
run_1_config,deepseek-chat,baseline_deepseek_en_t00,1,1,union,False,False,41,0.05165999999999997,80.15428459993564,1.9549825512179422,0.0012599999999999992,1.0,41,
run_2_config,deepseek-chat,baseline_deepseek_en_t00,1,1,union,False,False,41,0.05165999999999997,71.73651530011553,1.7496711048808666,0.0012599999999999992,1.0,41,
run_3_config,deepseek-chat,baseline_deepseek_en_t00,1,1,union,False,False,41,0.05165999999999997,66.9555708998814,1.633062704875156,0.0012599999999999992,1.0,41,
run_4_config,deepseek-chat,baseline_deepseek_en_t00,1,1,union,False,False,41,0.05165999999999997,61.72175489994697,1.5054086560962676,0.0012599999999999992,1.0,41,
run_5_config,deepseek-chat,baseline_deepseek_en_t00,1,1,union,False,False,41,0.05165999999999997,60.94745960016733,1.4865234048821299,0.0012599999999999992,1.0,41,
baseline_deepseek_en_t00_evidence,deepseek-chat,baseline_deepseek_en_t00_evidence,1,1,union,False,False,123,0.05166000000000001,476.245044,11.615732780487804,0.0012600000000000003,3.0,41,0.1916
run_1_config,deepseek-chat,baseline_deepseek_en_t00_evidence,1,1,union,False,False,41,0.05165999999999997,464.7615438997747,11.335647412189628,0.0012599999999999992,1.0,41,
baseline_deepseek_en_t07,deepseek-chat,baseline_deepseek_en_t07,1,1,union,False,False,123,0.05166000000000001,79.78826,1.9460551219512194,0.0012600000000000003,3.0,41,0.1646
run_1_config,deepseek-chat,baseline_deepseek_en_t07,1,1,union,False,False,41,0.05165999999999997,74.32673840015201,1.812847278052488,0.0012599999999999992,1.0,41,
run_2_config,deepseek-chat,baseline_deepseek_en_t07,1,1,union,False,False,41,0.05165999999999997,70.98462650016886,1.731332353662655,0.0012599999999999992,1.0,41,
run_3_config,deepseek-chat,baseline_deepseek_en_t07,1,1,union,False,False,41,0.05165999999999997,66.057382900035,1.6111556804886584,0.0012599999999999992,1.0,41,
run_4_config,deepseek-chat,baseline_deepseek_en_t07,1,1,union,False,False,41,0.05165999999999997,64.12497700005775,1.5640238292697013,0.0012599999999999992,1.0,41,
run_5_config,deepseek-chat,baseline_deepseek_en_t07,1,1,union,False,False,41,0.05165999999999997,59.28264040010976,1.4459180585392626,0.0012599999999999992,1.0,41,
baseline_deepseek_hi_t00,deepseek-chat,baseline_deepseek_hi_t00,1,1,union,False,False,105,0.0441,68.818606,1.9662458857142857,0.00126,3.0,35,0.2719
run_1_config,deepseek-chat,baseline_deepseek_hi_t00,1,1,union,False,False,35,0.044099999999999986,63.04313399991954,1.8012323999977011,0.0012599999999999996,1.0,35,
run_2_config,deepseek-chat,baseline_deepseek_hi_t00,1,1,union,False,False,35,0.044099999999999986,60.784016800113044,1.736686194288944,0.0012599999999999996,1.0,35,
run_3_config,deepseek-chat,baseline_deepseek_hi_t00,1,1,union,False,False,35,0.044099999999999986,82.53432629979218,2.358123608565491,0.0012599999999999996,1.0,35,
run_4_config,deepseek-chat,baseline_deepseek_hi_t00,1,1,union,False,False,35,0.044099999999999986,78.61391379986891,2.2461118228533974,0.0012599999999999996,1.0,35,
run_5_config,deepseek-chat,baseline_deepseek_hi_t00,1,1,union,False,False,35,0.044099999999999986,84.17364870011805,2.4049613914319443,0.0012599999999999996,1.0,35,
baseline_deepseek_pt_t00,deepseek-chat,baseline_deepseek_pt_t00,1,1,union,False,False,105,0.0441,234.945962,6.712741771428571,0.00126,3.0,35,0.3354
run_1_config,deepseek-chat,baseline_deepseek_pt_t00,1,1,union,False,False,35,0.044099999999999986,229.22944679996007,6.549412765713145,0.0012599999999999996,1.0,35,
run_2_config,deepseek-chat,baseline_deepseek_pt_t00,1,1,union,False,False,35,0.044099999999999986,246.58552729990316,7.045300779997233,0.0012599999999999996,1.0,35,
run_3_config,deepseek-chat,baseline_deepseek_pt_t00,1,1,union,False,False,35,0.044099999999999986,321.61984489997855,9.189138425713672,0.0012599999999999996,1.0,35,
run_4_config,deepseek-chat,baseline_deepseek_pt_t00,1,1,union,False,False,35,0.044099999999999986,217.93941459991052,6.226840417140301,0.0012599999999999996,1.0,35,
run_5_config,deepseek-chat,baseline_deepseek_pt_t00,1,1,union,False,False,35,0.044099999999999986,247.34801349975177,7.067086099992908,0.0012599999999999996,1.0,35,
baseline_deepseek_pt_t07,deepseek-chat,baseline_deepseek_pt_t07,1,1,union,False,False,105,0.0441,47.89497,1.3684277142857142,0.00126,3.0,35,0.3288
run_1_config,deepseek-chat,baseline_deepseek_pt_t07,1,1,union,False,False,35,0.044099999999999986,42.08625450008548,1.2024644142881566,0.0012599999999999996,1.0,35,
run_2_config,deepseek-chat,baseline_deepseek_pt_t07,1,1,union,False,False,35,0.044099999999999986,40.10524200019425,1.1458640571484073,0.0012599999999999996,1.0,35,
run_3_config,deepseek-chat,baseline_deepseek_pt_t07,1,1,union,False,False,35,0.044099999999999986,54.01304899994286,1.5432299714269389,0.0012599999999999996,1.0,35,
run_4_config,deepseek-chat,baseline_deepseek_pt_t07,1,1,union,False,False,35,0.044099999999999986,43.14877440012059,1.232822125717731,0.0012599999999999996,1.0,35,
run_5_config,deepseek-chat,baseline_deepseek_pt_t07,1,1,union,False,False,35,0.044099999999999986,52.141771700000405,1.4897649057142974,0.0012599999999999996,1.0,35,
baseline_deepseek_ru_t00,deepseek-chat,baseline_deepseek_ru_t00,1,1,union,False,False,96,0.04032000000000001,7.47206,0.233501875,0.0012600000000000003,3.0,32,0.3046
run_1_config,deepseek-chat,baseline_deepseek_ru_t00,1,1,union,False,False,32,0.040319999999999995,69.9965975000523,2.1873936718766345,0.0012599999999999998,1.0,32,
run_2_config,deepseek-chat,baseline_deepseek_ru_t00,1,1,union,False,False,32,0.040319999999999995,64.66953400010243,2.020922937503201,0.0012599999999999998,1.0,32,
run_3_config,deepseek-chat,baseline_deepseek_ru_t00,1,1,union,False,False,32,0.040319999999999995,59.60032829991542,1.8625102593723568,0.0012599999999999998,1.0,32,
run_4_config,deepseek-chat,baseline_deepseek_ru_t00,1,1,union,False,False,32,0.040319999999999995,63.45134139992297,1.9828544187475927,0.0012599999999999998,1.0,32,
run_5_config,deepseek-chat,baseline_deepseek_ru_t00,1,1,union,False,False,32,0.040319999999999995,68.6192320000846,2.1443510000026436,0.0012599999999999998,1.0,32,
baseline_deepseek_ru_t07,deepseek-chat,baseline_deepseek_ru_t07,1,1,union,False,False,96,0.04032000000000001,80.540581,2.51689315625,0.0012600000000000003,3.0,32,0.2942
run_1_config,deepseek-chat,baseline_deepseek_ru_t07,1,1,union,False,False,32,0.040319999999999995,72.45812770002522,2.264316490625788,0.0012599999999999998,1.0,32,
run_2_config,deepseek-chat,baseline_deepseek_ru_t07,1,1,union,False,False,32,0.040319999999999995,69.70828399993479,2.1783838749979623,0.0012599999999999998,1.0,32,
run_3_config,deepseek-chat,baseline_deepseek_ru_t07,1,1,union,False,False,32,0.040319999999999995,74.27068149996921,2.320958796874038,0.0012599999999999998,1.0,32,
run_4_config,deepseek-chat,baseline_deepseek_ru_t07,1,1,union,False,False,32,0.040319999999999995,63.477880799910054,1.9836837749971892,0.0012599999999999998,1.0,32,
run_5_config,deepseek-chat,baseline_deepseek_ru_t07,1,1,union,False,False,32,0.040319999999999995,62.533239600015804,1.9541637375004939,0.0012599999999999998,1.0,32,
baseline_gemini_en_t00,gemini-2.5-flash,baseline_gemini_en_t00,1,1,union,False,False,123,0.036899999999999995,65.690189,1.602199731707317,0.0008999999999999999,3.0,41,0.2157
run_1_config,gemini-2.5-flash,baseline_gemini_en_t00,1,1,union,False,False,41,0.03690000000000001,65.10549829993394,1.5879389829252182,0.0009000000000000002,1.0,41,
run_2_config,gemini-2.5-flash,baseline_gemini_en_t00,1,1,union,False,False,41,0.03690000000000001,66.05709560005921,1.6111486731721758,0.0009000000000000002,1.0,41,
run_3_config,gemini-2.5-flash,baseline_gemini_en_t00,1,1,union,False,False,41,0.03690000000000001,63.33339620009069,1.5447169804900167,0.0009000000000000002,1.0,41,
run_4_config,gemini-2.5-flash,baseline_gemini_en_t00,1,1,union,False,False,41,0.03690000000000001,64.90697230002843,1.583096885366547,0.0009000000000000002,1.0,41,
run_5_config,gemini-2.5-flash,baseline_gemini_en_t00,1,1,union,False,False,41,0.03690000000000001,71.46550309984013,1.743061051215613,0.0009000000000000002,1.0,41,
baseline_gemini_en_t07,gemini-2.5-flash,baseline_gemini_en_t07,1,1,union,False,False,27,0.0081,970.696581,107.85517566666667,0.0009,3.0,9,0.0644
run_1_config,gemini-2.5-flash,baseline_gemini_en_t07,1,1,union,False,False,41,0.03690000000000001,187.7701627002098,4.579760065858776,0.0009000000000000002,1.0,41,
run_2_config,gemini-2.5-flash,baseline_gemini_en_t07,1,1,union,False,False,41,0.03690000000000001,187.5417691001204,4.574189490246839,0.0009000000000000002,1.0,41,
run_3_config,gemini-2.5-flash,baseline_gemini_en_t07,1,1,union,False,False,41,0.03690000000000001,187.55563049996266,4.574527573169821,0.0009000000000000002,1.0,41,
run_4_config,gemini-2.5-flash,baseline_gemini_en_t07,1,1,union,False,False,41,0.03690000000000001,187.76822019997053,4.579712687804159,0.0009000000000000002,1.0,41,
run_5_config,gemini-2.5-flash,baseline_gemini_en_t07,1,1,union,False,False,41,0.03690000000000001,970.159748699982,23.662432895121512,0.0009000000000000002,1.0,41,
baseline_gpt5nano_en_t00,gpt-5-nano,baseline_gpt5nano_en_t00,1,1,union,False,False,123,0.0492,2094.328985,51.08119475609756,0.0012000000000000001,3.0,41,0.2324
run_1_config,gpt-5-nano,baseline_gpt5nano_en_t00,1,1,union,False,False,41,0.049199999999999994,2082.655982299709,50.79648737316364,0.0012,1.0,41,
run_2_config,gpt-5-nano,baseline_gpt5nano_en_t00,1,1,union,False,False,41,0.049199999999999994,2103.510581400247,51.30513613171333,0.0012,1.0,41,
run_3_config,gpt-5-nano,baseline_gpt5nano_en_t00,1,1,union,False,False,41,0.049199999999999994,2133.8962209001174,52.04624929024676,0.0012,1.0,41,
run_4_config,gpt-5-nano,baseline_gpt5nano_en_t00,1,1,union,False,False,41,0.049199999999999994,1653.3889700998543,40.32656024633791,0.0012,1.0,41,
run_5_config,gpt-5-nano,baseline_gpt5nano_en_t00,1,1,union,False,False,41,0.049199999999999994,1969.3022235999808,48.03176155121905,0.0012,1.0,41,
baseline_gpt5nano_en_t07,gpt-5-nano,baseline_gpt5nano_en_t07,1,1,union,False,False,123,0.0492,2144.97455,52.31645243902438,0.0012000000000000001,3.0,41,0.203
run_1_config,gpt-5-nano,baseline_gpt5nano_en_t07,1,1,union,False,False,41,0.049199999999999994,2136.372399400455,52.10664388781598,0.0012,1.0,41,
run_2_config,gpt-5-nano,baseline_gpt5nano_en_t07,1,1,union,False,False,41,0.049199999999999994,2057.6478506000735,50.18653294146521,0.0012,1.0,41,
run_3_config,gpt-5-nano,baseline_gpt5nano_en_t07,1,1,union,False,False,41,0.049199999999999994,2290.6507596001043,55.869530721953765,0.0012,1.0,41,
run_4_config,gpt-5-nano,baseline_gpt5nano_en_t07,1,1,union,False,False,41,0.049199999999999994,2124.136498000006,51.80820726829283,0.0012,1.0,41,
run_5_config,gpt-5-nano,baseline_gpt5nano_en_t07,1,1,union,False,False,41,0.049199999999999994,2097.6940989000736,51.16327070487985,0.0012,1.0,41,
baseline_mistral_bg_t00,mistral-large-latest,baseline_mistral_bg_t00,1,1,union,False,False,105,0.735,650.996233,18.59989237142857,0.021,3.0,35,0.2413
run_1_config,mistral-large-latest,baseline_mistral_bg_t00,1,1,union,False,False,35,0.7350000000000003,649.347666599788,18.552790474279657,0.021000000000000008,1.0,35,
run_2_config,mistral-large-latest,baseline_mistral_bg_t00,1,1,union,False,False,35,0.7350000000000003,649.1636141999627,18.547531834284648,0.021000000000000008,1.0,35,
run_3_config,mistral-large-latest,baseline_mistral_bg_t00,1,1,union,False,False,35,0.7350000000000003,681.014045599848,19.457544159995656,0.021000000000000008,1.0,35,
run_4_config,mistral-large-latest,baseline_mistral_bg_t00,1,1,union,False,False,35,0.7350000000000003,630.7850999003275,18.022431425723642,0.021000000000000008,1.0,35,
run_5_config,mistral-large-latest,baseline_mistral_bg_t00,1,1,union,False,False,35,0.7350000000000003,643.6019069999454,18.388625914284155,0.021000000000000008,1.0,35,
baseline_mistral_en_t00,mistral-large-latest,baseline_mistral_en_t00,1,1,union,False,False,123,0.861,124.829851,3.0446305121951225,0.021,3.0,41,0.1476
run_1_config,mistral-large-latest,baseline_mistral_en_t00,1,1,union,False,False,41,0.8610000000000004,124.36970369983477,3.0334074073130433,0.02100000000000001,1.0,41,
run_2_config,mistral-large-latest,baseline_mistral_en_t00,1,1,union,False,False,41,0.8610000000000004,123.60773129994055,3.0148227146326962,0.02100000000000001,1.0,41,
run_3_config,mistral-large-latest,baseline_mistral_en_t00,1,1,union,False,False,41,0.8610000000000004,106.86244329996408,2.606401056096685,0.02100000000000001,1.0,41,
run_4_config,mistral-large-latest,baseline_mistral_en_t00,1,1,union,False,False,41,0.8610000000000004,115.59922400000501,2.8194932682928053,0.02100000000000001,1.0,41,
run_5_config,mistral-large-latest,baseline_mistral_en_t00,1,1,union,False,False,41,0.8610000000000004,116.54046409996234,2.84245034390152,0.02100000000000001,1.0,41,
baseline_mistral_en_t00_evidence,mistral-large-latest,baseline_mistral_en_t00_evidence,1,1,union,False,False,123,0.861,692.695317,16.89500773170732,0.021,3.0,41,0.1475
run_1_config,mistral-large-latest,baseline_mistral_en_t00_evidence,1,1,union,False,False,41,0.8610000000000004,692.2643841998652,16.884497175606466,0.02100000000000001,1.0,41,
baseline_mistral_en_t07,mistral-large-latest,baseline_mistral_en_t07,1,1,union,False,False,123,0.861,122.021449,2.9761329024390246,0.021,3.0,41,0.1563
run_1_config,mistral-large-latest,baseline_mistral_en_t07,1,1,union,False,False,41,0.8610000000000004,121.45614830008712,2.96234508048993,0.02100000000000001,1.0,41,
run_2_config,mistral-large-latest,baseline_mistral_en_t07,1,1,union,False,False,41,0.8610000000000004,124.48381580016563,3.0361906292723324,0.02100000000000001,1.0,41,
run_3_config,mistral-large-latest,baseline_mistral_en_t07,1,1,union,False,False,41,0.8610000000000004,116.51075799996022,2.8417258048770786,0.02100000000000001,1.0,41,
run_4_config,mistral-large-latest,baseline_mistral_en_t07,1,1,union,False,False,41,0.8610000000000004,113.91109109995891,2.7783192951209488,0.02100000000000001,1.0,41,
run_5_config,mistral-large-latest,baseline_mistral_en_t07,1,1,union,False,False,41,0.8610000000000004,120.76338110002696,2.945448319512853,0.02100000000000001,1.0,41,
baseline_mistral_hi_t00,mistral-large-latest,baseline_mistral_hi_t00,1,1,union,False,False,105,0.735,704.582477,20.130927914285717,0.021,3.0,35,0.1679
run_1_config,mistral-large-latest,baseline_mistral_hi_t00,1,1,union,False,False,35,0.7350000000000003,702.2044219002125,20.062983482863217,0.021000000000000008,1.0,35,
run_2_config,mistral-large-latest,baseline_mistral_hi_t00,1,1,union,False,False,35,0.7350000000000003,683.9201776003465,19.540576502867044,0.021000000000000008,1.0,35,
run_3_config,mistral-large-latest,baseline_mistral_hi_t00,1,1,union,False,False,35,0.7350000000000003,710.049856599886,20.287138759996743,0.021000000000000008,1.0,35,
run_4_config,mistral-large-latest,baseline_mistral_hi_t00,1,1,union,False,False,35,0.7350000000000003,718.0474776001644,20.515642217147555,0.021000000000000008,1.0,35,
run_5_config,mistral-large-latest,baseline_mistral_hi_t00,1,1,union,False,False,35,0.7350000000000003,1140.6784701999272,32.59081343428363,0.021000000000000008,1.0,35,
baseline_mistral_pt_t00,mistral-large-latest,baseline_mistral_pt_t00,1,1,union,False,False,105,0.735,337.325146,9.637861314285713,0.021,3.0,35,0.1927
run_1_config,mistral-large-latest,baseline_mistral_pt_t00,1,1,union,False,False,35,0.7350000000000003,335.81198929995287,9.59462826571294,0.021000000000000008,1.0,35,
run_2_config,mistral-large-latest,baseline_mistral_pt_t00,1,1,union,False,False,35,0.7350000000000003,361.93294420000166,10.34094126285719,0.021000000000000008,1.0,35,
run_3_config,mistral-large-latest,baseline_mistral_pt_t00,1,1,union,False,False,35,0.7350000000000003,342.85687239980314,9.795910639994375,0.021000000000000008,1.0,35,
run_4_config,mistral-large-latest,baseline_mistral_pt_t00,1,1,union,False,False,35,0.7350000000000003,353.1093089999633,10.088837399998951,0.021000000000000008,1.0,35,
run_5_config,mistral-large-latest,baseline_mistral_pt_t00,1,1,union,False,False,35,0.7350000000000003,379.98168740002427,10.856619640000694,0.021000000000000008,1.0,35,
baseline_mistral_ru_t00,mistral-large-latest,baseline_mistral_ru_t00,1,1,union,False,False,96,0.672,471.326047,14.72893896875,0.021,3.0,32,0.2081
run_1_config,mistral-large-latest,baseline_mistral_ru_t00,1,1,union,False,False,32,0.6720000000000003,469.7179276999086,14.678685240622144,0.021000000000000008,1.0,32,
run_2_config,mistral-large-latest,baseline_mistral_ru_t00,1,1,union,False,False,32,0.6720000000000003,477.96418580040336,14.936380806262605,0.021000000000000008,1.0,32,
run_3_config,mistral-large-latest,baseline_mistral_ru_t00,1,1,union,False,False,32,0.6720000000000003,513.3366046999581,16.04176889687369,0.021000000000000008,1.0,32,
run_4_config,mistral-large-latest,baseline_mistral_ru_t00,1,1,union,False,False,32,0.6720000000000003,462.8327568997629,14.46352365311759,0.021000000000000008,1.0,32,
run_5_config,mistral-large-latest,baseline_mistral_ru_t00,1,1,union,False,False,32,0.6720000000000003,481.04346100008115,15.032608156252536,0.021000000000000008,1.0,32,
baseline_together_llama33_70b_en_t00,meta-llama/Llama-3.3-70B-Instruct-Turbo,baseline_together_llama33_70b_en_t00,1,1,union,False,False,123,0.0492,238.892455,5.82664524390244,0.0012000000000000001,3.0,41,0.1391
run_1_config,meta-llama/Llama-3.3-70B-Instruct-Turbo,baseline_together_llama33_70b_en_t00,1,1,union,False,False,41,0.0,228.9214399000629,5.58344975366007,0.0,1.0,41,
run_2_config,meta-llama/Llama-3.3-70B-Instruct-Turbo,baseline_together_llama33_70b_en_t00,1,1,union,False,False,41,0.0,177.95922139985484,4.340468814630606,0.0,1.0,41,
run_3_config,meta-llama/Llama-3.3-70B-Instruct-Turbo,baseline_together_llama33_70b_en_t00,1,1,union,False,False,41,0.0,161.2808408997954,3.933679046336473,0.0,1.0,41,
run_4_config,meta-llama/Llama-3.3-70B-Instruct-Turbo,baseline_together_llama33_70b_en_t00,1,1,union,False,False,41,0.0,310.4588452996688,7.572166958528507,0.0,1.0,41,
run_5_config,meta-llama/Llama-3.3-70B-Instruct-Turbo,baseline_together_llama33_70b_en_t00,1,1,union,False,False,41,0.0,245.13252700027095,5.978842121957829,0.0,1.0,41,
baseline_together_llama33_70b_en_t07,meta-llama/Llama-3.3-70B-Instruct-Turbo,baseline_together_llama33_70b_en_t07,1,1,union,False,False,123,0.0492,245.871172,5.996857853658536,0.0012000000000000001,3.0,41,0.1408
run_1_config,meta-llama/Llama-3.3-70B-Instruct-Turbo,baseline_together_llama33_70b_en_t07,1,1,union,False,False,41,0.0,235.69775830022976,5.748725812200726,0.0,1.0,41,
run_2_config,meta-llama/Llama-3.3-70B-Instruct-Turbo,baseline_together_llama33_70b_en_t07,1,1,union,False,False,41,0.0,771.5157730001952,18.817457878053542,0.0,1.0,41,
run_3_config,meta-llama/Llama-3.3-70B-Instruct-Turbo,baseline_together_llama33_70b_en_t07,1,1,union,False,False,41,0.0,480.1813751002769,11.711740856104313,0.0,1.0,41,
run_4_config,meta-llama/Llama-3.3-70B-Instruct-Turbo,baseline_together_llama33_70b_en_t07,1,1,union,False,False,41,0.0,219.42176629975432,5.351750397554984,0.0,1.0,41,
run_5_config,meta-llama/Llama-3.3-70B-Instruct-Turbo,baseline_together_llama33_70b_en_t07,1,1,union,False,False,41,0.0,181.39845580002302,4.4243525804883665,0.0,1.0,41,
